Elapsed_Time,EMG
00:00:00,0.00967598
00:00.0,0.009670258000000001
00:00.0,0.009658812999999999
00:00.0,0.009653091999999999
00:00.0,0.009670258
00:00.0,0.009641648
00:00.0,0.009641648
00:00.0,0.009670258
00:00.0,0.009681701999999999
00:00.0,0.009658812999999999
00:00.0,0.009618759
00:00.0,0.009664536
00:00.0,0.00967598
00:00.1,0.009658814
00:00.1,0.009664536
00:00.1,0.009670258
00:00.1,0.009658813999999998
00:00.1,0.009618759
00:00.1,0.009641648
00:00.1,0.009635926
00:00.1,0.009664536
00:00.1,0.009664536
00:00.1,0.009675979999999999
00:00.1,0.009647369
00:00.1,0.009635925
00:00.1,0.00964737
00:00.1,0.009630202999999999
00:00.1,0.00964737
00:00.1,0.009641648
00:00.1,0.009664536
00:00.1,0.00967598
00:00.1,0.009653092
00:00.1,0.00964737
00:00.1,0.009658814
00:00.1,0.009658814
00:00.1,0.009624480999999999
00:00.1,0.009624480999999999
00:00.1,0.009641647
00:00.2,0.009670258000000001
00:00.2,0.009664536000000001
00:00.2,0.00964737
00:00.2,0.009618759
00:00.2,0.009630204
00:00.2,0.00964737
00:00.2,0.009630202999999999
00:00.2,0.009630204
00:00.2,0.009647369999999999
00:00.2,0.009653091999999999
00:00.2,0.009647369999999999
00:00.2,0.009647369999999999
00:00.2,0.009635926
00:00.2,0.009647369999999999
00:00.2,0.009653092
00:00.2,0.009653092
00:00.2,0.009641648
00:00.2,0.009641648
00:00.2,0.009641648
00:00.2,0.009647369999999999
00:00.2,0.009635926
00:00.2,0.009641648
00:00.2,0.009647369999999999
00:00.2,0.009664536
00:00.2,0.009647369999999999
00:00.3,0.00964737
00:00.3,0.009641648
00:00.3,0.009641648000000001
00:00.3,0.009630204
00:00.3,0.009624480999999999
00:00.3,0.009653091999999999
00:00.3,0.009647369999999999
00:00.3,0.009647369999999999
00:00.3,0.009635924999999998
00:00.3,0.009647369999999999
00:00.3,0.009653091999999999
00:00.3,0.009658813999999998
00:00.3,0.009641648
00:00.3,0.009635926
00:00.3,0.009647369999999999
00:00.3,0.009653092
00:00.3,0.009658814
00:00.3,0.009647369999999999
00:00.3,0.009635924999999998
00:00.3,0.009658814
00:00.3,0.009647369999999999
00:00.3,0.009653091999999999
00:00.3,0.009658813999999998
00:00.3,0.009624480999999999
00:00.3,0.009653092
00:00.4,0.009653092
00:00.4,0.009653091999999999
00:00.4,0.009641648
00:00.4,0.009635926
00:00.4,0.009630202999999999
00:00.4,0.009664536
00:00.4,0.009658813999999998
00:00.4,0.009635925
00:00.4,0.009635924999999998
00:00.4,0.009658814
00:00.4,0.009664536000000001
00:00.4,0.009664536000000001
00:00.4,0.009653091999999999
00:00.4,0.009647369999999999
00:00.4,0.009647369999999999
00:00.4,0.009653091999999999
00:00.4,0.009653091999999999
00:00.4,0.009647369999999999
00:00.4,0.009653091
00:00.4,0.009675979999999999
00:00.4,0.009653091999999999
00:00.4,0.009635926
00:00.4,0.009647369999999999
00:00.4,0.009653092
00:00.4,0.009664536000000001
00:00.5,0.009653091999999999
00:00.5,0.009658814
00:00.5,0.009653091999999999
00:00.5,0.009653092
00:00.5,0.009630203
00:00.5,0.009653091999999999
00:00.5,0.009664536
00:00.5,0.00967598
00:00.5,0.009675979999999999
00:00.5,0.009664536
00:00.5,0.009641647
00:00.5,0.009647369999999999
00:00.5,0.009658814
00:00.5,0.009653091999999999
00:00.5,0.009658814
00:00.5,0.009664536
00:00.5,0.009658814
00:00.5,0.009658814
00:00.5,0.009664534999999998
00:00.5,0.009675979999999999
00:00.5,0.009658814
00:00.5,0.009641648
00:00.5,0.009647369999999999
00:00.5,0.009647369999999999
00:00.5,0.009658814
00:00.6,0.009653091999999999
00:00.6,0.009670258000000001
00:00.6,0.009670258
00:00.6,0.009658814
00:00.6,0.009670258
00:00.6,0.009647369000000001
00:00.6,0.009653090999999999
00:00.6,0.009681702
00:00.6,0.009653090999999999
00:00.6,0.009658813999999998
00:00.6,0.009664536
00:00.6,0.009653091999999999
00:00.6,0.009664536
00:00.6,0.009664534999999998
00:00.6,0.009664536
00:00.6,0.009658814
00:00.6,0.009675979999999999
00:00.6,0.009670258
00:00.6,0.009658814
00:00.6,0.009630203
00:00.6,0.009653091999999999
00:00.6,0.009653092
00:00.6,0.009653092
00:00.6,0.009658814
00:00.6,0.009670258
00:00.7,0.009653090999999999
00:00.7,0.009664536
00:00.7,0.009653090999999999
00:00.7,0.009664536
00:00.7,0.009658814
00:00.7,0.009664536
00:00.7,0.009658814
00:00.7,0.009664536
00:00.7,0.009670258000000001
00:00.7,0.009670258
00:00.7,0.009670258
00:00.7,0.009664536
00:00.7,0.009670258
00:00.7,0.009664536
00:00.7,0.009647369
00:00.7,0.009641647
00:00.7,0.009670258
00:00.7,0.009653090999999999
00:00.7,0.009653090999999999
00:00.7,0.009670258
00:00.7,0.009670258
00:00.7,0.009658812999999999
00:00.7,0.009670258
00:00.7,0.009653091000000003
00:00.7,0.009681701999999999
00:00.8,0.009658814
00:00.8,0.009670258
00:00.8,0.009658814
00:00.8,0.009658812999999999
00:00.8,0.00967598
00:00.8,0.009653090999999999
00:00.8,0.009653090999999999
00:00.8,0.009675979999999999
00:00.8,0.00967598
00:00.8,0.009647369000000001
00:00.8,0.009664536
00:00.8,0.009658814
00:00.8,0.009658814
00:00.8,0.009658814
00:00.8,0.009653090999999999
00:00.8,0.009635925000000002
00:00.8,0.009664536
00:00.8,0.009675979999999999
00:00.8,0.009670256999999998
00:00.8,0.009664534999999998
00:00.8,0.009664535000000002
00:00.8,0.009647369000000001
00:00.8,0.009641646999999998
00:00.8,0.009664536000000001
00:00.8,0.009670258
00:00.9,0.009658813999999998
00:00.9,0.009641647000000001
00:00.9,0.009653091
00:00.9,0.009675979999999999
00:00.9,0.009687424
00:00.9,0.009675979999999999
00:00.9,0.009658814
00:00.9,0.009653090999999999
00:00.9,0.009664536
00:00.9,0.009647369000000001
00:00.9,0.009664536
00:00.9,0.009664536
00:00.9,0.009664536
00:00.9,0.009664534999999998
00:00.9,0.009664536
00:00.9,0.009664534999999998
00:00.9,0.009664534999999998
00:00.9,0.009670256999999998
00:00.9,0.009658812999999999
00:00.9,0.009670258
00:00.9,0.009670258
00:00.9,0.009658812999999999
00:00.9,0.009658813
00:00.9,0.009675979999999999
00:00.9,0.009675979
00:01.0,0.009664534999999998
00:01.0,0.009670256999999998
00:01.0,0.009658812999999999
00:01.0,0.009675979999999999
00:01.0,0.009664536
00:01.0,0.009653090999999999
00:01.0,0.009670258
00:01.0,0.009675979999999999
00:01.0,0.009670258
00:01.0,0.009670256999999998
00:01.0,0.009647369000000001
00:01.0,0.009670256999999998
00:00:01,0.009675979
00:01.0,0.009670257
00:01.0,0.009658812999999999
00:01.0,0.009653091
00:01.0,0.009664536
00:01.0,0.009675979
00:01.0,0.009664534999999998
00:01.0,0.009675979
00:01.0,0.009675979999999999
00:01.0,0.009653091
00:01.0,0.009664536
00:01.0,0.009664536
00:01.0,0.009670258
00:01.1,0.009664536
00:01.1,0.009658813
00:01.1,0.009658813000000002
00:01.1,0.009658813
00:01.1,0.009664534999999998
00:01.1,0.009658812999999999
00:01.1,0.009664536
00:01.1,0.009670256999999998
00:01.1,0.009664534999999998
00:01.1,0.009670256999999998
00:01.1,0.009653090999999999
00:01.1,0.009653091
00:01.1,0.009647369000000001
00:01.1,0.009664534999999998
00:01.1,0.009670258
00:01.1,0.009658812999999999
00:01.1,0.009653090999999999
00:01.1,0.009647369000000001
00:01.1,0.009641647000000001
00:01.1,0.009647369000000001
00:01.1,0.009658812999999999
00:01.1,0.009664534999999998
00:01.1,0.009647369000000001
00:01.1,0.009653091
00:01.1,0.009658813
00:01.2,0.009670257000000002
00:01.2,0.009658813000000002
00:01.2,0.009664534999999998
00:01.2,0.009641647000000001
00:01.2,0.009658814
00:01.2,0.009664536
00:01.2,0.009641647000000001
00:01.2,0.009641647000000001
00:01.2,0.009635924999999998
00:01.2,0.009653091
00:01.2,0.009664535000000002
00:01.2,0.009635925000000002
00:01.2,0.009641646999999998
00:01.2,0.009681701999999999
00:01.2,0.009658812999999999
00:01.2,0.009653091
00:01.2,0.009653090999999999
00:01.2,0.009653090999999999
00:01.2,0.009653091
00:01.2,0.009641647000000001
00:01.2,0.009641646999999998
00:01.2,0.009641646999999998
00:01.2,0.009658813
00:01.2,0.009670257
00:01.2,0.009664535000000002
00:01.3,0.009641646999999998
00:01.3,0.009658812999999999
00:01.3,0.009653091
00:01.3,0.009635925000000002
00:01.3,0.009653090999999999
00:01.3,0.009635924999999998
00:01.3,0.009658812999999999
00:01.3,0.009647368999999998
00:01.3,0.009664535000000002
00:01.3,0.009670256999999998
00:01.3,0.009658813
00:01.3,0.009658813
00:01.3,0.009647369000000001
00:01.3,0.009641646999999998
00:01.3,0.009653091
00:01.3,0.009664535000000002
00:01.3,0.009647369
00:01.3,0.009647368999999998
00:01.3,0.009653091
00:01.3,0.009653091
00:01.3,0.009635924999999998
00:01.3,0.009647369000000001
00:01.3,0.009664534999999998
00:01.3,0.009658813000000002
00:01.3,0.009635925
00:01.4,0.009670232
00:01.4,0.009647369000000001
00:01.4,0.009658812999999999
00:01.4,0.009658812999999999
00:01.4,0.009653091
00:01.4,0.009658813
00:01.4,0.009675979
00:01.4,0.009658813000000002
00:01.4,0.009647369
00:01.4,0.009653091
00:01.4,0.009653090999999999
00:01.4,0.009653091
00:01.4,0.009653090999999999
00:01.4,0.009664509999999998
00:01.4,0.009635899999999998
00:01.4,0.009647369
00:01.4,0.009647369000000001
00:01.4,0.009658813000000002
00:01.4,0.009658812999999999
00:01.4,0.009658813000000002
00:01.4,0.009658813000000002
00:01.4,0.009658787999999998
00:01.4,0.009664509999999998
00:01.4,0.009658812999999999
00:01.4,0.009658787999999998
00:01.5,0.009647369000000001
00:01.5,0.009635925
00:01.5,0.009647344
00:01.5,0.009664535000000002
00:01.5,0.009658812999999999
00:01.5,0.009641622
00:01.5,0.009658812999999999
00:01.5,0.009664535000000002
00:01.5,0.009653090999999999
00:01.5,0.009647369000000001
00:01.5,0.009641647000000001
00:01.5,0.009653066
00:01.5,0.009635899999999998
00:01.5,0.009641647000000001
00:01.5,0.009664510000000001
00:01.5,0.009653066
00:01.5,0.009647369000000001
00:01.5,0.009653066
00:01.5,0.009653044000000001
00:01.5,0.009647344
00:01.5,0.009647344
00:01.5,0.009641647
00:01.5,0.009641622
00:01.5,0.009641622
00:01.5,0.009641600000000002
00:01.6,0.009653044000000001
00:01.6,0.009658766000000001
00:01.6,0.009647344
00:01.6,0.009658787999999998
00:01.6,0.009647369000000001
00:01.6,0.009647344
00:01.6,0.009641600000000002
00:01.6,0.009641678
00:01.6,0.009658766000000001
00:01.6,0.009653065999999998
00:01.6,0.009653044000000001
00:01.6,0.009653044000000001
00:01.6,0.009647344
00:01.6,0.009635900000000001
00:01.6,0.009641600000000002
00:01.6,0.009630177999999998
00:01.6,0.009635900000000001
00:01.6,0.009653044000000001
00:01.6,0.009641599999999998
00:01.6,0.0096474
00:01.6,0.009658844000000001
00:01.6,0.009658844000000001
00:01.6,0.009664566000000001
00:01.6,0.009641647000000001
00:01.6,0.009641622
00:01.7,0.0096474
00:01.7,0.009635956000000001
00:01.7,0.009635956000000001
00:01.7,0.009653122
00:01.7,0.009664566000000001
00:01.7,0.009670266
00:01.7,0.009664488
00:01.7,0.009635900000000001
00:01.7,0.009635955999999998
00:01.7,0.009630177999999998
00:01.7,0.009641600000000002
00:01.7,0.009664566
00:01.7,0.009653122
00:01.7,0.009658822000000001
00:01.7,0.009653122000000002
00:01.7,0.0096474
00:01.7,0.009658822000000001
00:01.7,0.009653122000000002
00:01.7,0.009630156
00:01.7,0.009630234000000001
00:01.7,0.009664566
00:01.7,0.009670287999999999
00:01.7,0.009653122
00:01.7,0.009653122000000002
00:01.7,0.009641677999999997
00:01.8,0.009641677999999997
00:01.8,0.009658822000000001
00:01.8,0.009664522000000002
00:01.8,0.009641656
00:01.8,0.009647378
00:01.8,0.009658844000000001
00:01.8,0.009653122
00:01.8,0.009641677999999997
00:01.8,0.009630234000000001
00:01.8,0.009641677999999997
00:01.8,0.009653122
00:01.8,0.009658844000000001
00:01.8,0.009653099999999998
00:01.8,0.009653078
00:01.8,0.009658799999999999
00:01.8,0.009658799999999999
00:01.8,0.009675966000000001
00:01.8,0.009653122000000002
00:01.8,0.009647377999999998
00:01.8,0.009647378
00:01.8,0.009647378
00:01.8,0.009641678
00:01.8,0.009653078
00:01.8,0.009653056
00:01.8,0.009641656
00:01.9,0.009658822000000001
00:01.9,0.009658822000000001
00:01.9,0.009647356
00:01.9,0.009653100000000001
00:01.9,0.009653078
00:01.9,0.009658799999999999
00:01.9,0.009653078
00:01.9,0.009653078
00:01.9,0.009641634000000001
00:01.9,0.009630212
00:01.9,0.009641634
00:01.9,0.009658822000000001
00:01.9,0.009653078
00:01.9,0.009641634000000001
00:01.9,0.009624446
00:01.9,0.009658856
00:01.9,0.009653056
00:01.9,0.0096531
00:01.9,0.009641634
00:01.9,0.009641634000000001
00:01.9,0.009653099999999998
00:01.9,0.009647356
00:01.9,0.009641634
00:01.9,0.009647334
00:01.9,0.009653056
00:02.0,0.009653056
00:02.0,0.009641634000000001
00:02.0,0.009635890000000001
00:02.0,0.009641612
00:02.0,0.009647334
00:02.0,0.009635889999999998
00:02.0,0.009630189999999999
00:02.0,0.009624468
00:02.0,0.009641634
00:02.0,0.009653056
00:02.0,0.009647412000000001
00:02.0,0.009653056
00:00:02,0.009635934
00:02.0,0.009618746000000001
00:02.0,0.009647334
00:02.0,0.009658778
00:02.0,0.009653056
00:02.0,0.009647334
00:02.0,0.009635912000000002
00:02.0,0.00963019
00:02.0,0.009635912
00:02.0,0.009641690000000001
00:02.0,0.009647389999999999
00:02.0,0.009653112000000002
00:02.0,0.009647389999999999
00:02.1,0.009618724
00:02.1,0.009641634
00:02.1,0.009653056
00:02.1,0.009647334
00:02.1,0.009641612
00:02.1,0.009635889999999998
00:02.1,0.009647412000000001
00:02.1,0.009647389999999999
00:02.1,0.00961308
00:02.1,0.009653134
00:02.1,0.009653134
00:02.1,0.009653089999999998
00:02.1,0.009630246
00:02.1,0.009624446
00:02.1,0.009647334
00:02.1,0.009641690000000001
00:02.1,0.009647412000000001
00:02.1,0.009641612
00:02.1,0.009630189999999999
00:02.1,0.009624524
00:02.1,0.009641667999999997
00:02.1,0.009641690000000001
00:02.1,0.009635967999999998
00:02.1,0.009630246
00:02.1,0.009635924
00:02.2,0.009624524
00:02.2,0.009630246
00:02.2,0.00964739
00:02.2,0.009647368
00:02.2,0.009641646
00:02.2,0.009624524
00:02.2,0.009618802000000001
00:02.2,0.009641690000000001
00:02.2,0.009635967999999998
00:02.2,0.009635967999999998
00:02.2,0.009630246
00:02.2,0.009613058
00:02.2,0.009630224
00:02.2,0.009624467999999997
00:02.2,0.009624524
00:02.2,0.009630224
00:02.2,0.00961878
00:02.2,0.00961878
00:02.2,0.009630224
00:02.2,0.009653089999999998
00:02.2,0.009641612
00:02.2,0.009635967999999998
00:02.2,0.009630224
00:02.2,0.009618758
00:02.2,0.009613036
00:02.3,0.009641668
00:02.3,0.009635967999999998
00:02.3,0.009635946
00:02.3,0.009630224
00:02.3,0.009630224000000001
00:02.3,0.009618724
00:02.3,0.009613002
00:02.3,0.00961878
00:02.3,0.009624480000000001
00:02.3,0.009624480000000001
00:02.3,0.009618802000000001
00:02.3,0.009630246
00:02.3,0.009635967999999998
00:02.3,0.009641646
00:02.3,0.009647346000000001
00:02.3,0.009641646
00:02.3,0.009624480000000001
00:02.3,0.009624480000000001
00:02.3,0.009618758
00:02.3,0.009635902000000002
00:02.3,0.009618758
00:02.3,0.009624502
00:02.3,0.009647345999999998
00:02.3,0.009630202000000001
00:02.3,0.009635946
00:02.4,0.009624502
00:02.4,0.009612992
00:02.4,0.009630158
00:02.4,0.009641667999999997
00:02.4,0.009641667999999997
00:02.4,0.009630202000000001
00:02.4,0.009641624000000001
00:02.4,0.009630180000000002
00:02.4,0.009618736
00:02.4,0.009624480000000001
00:02.4,0.009630202000000001
00:02.4,0.009635924
00:02.4,0.009635924
00:02.4,0.009624436
00:02.4,0.009635958
00:02.4,0.009653089999999998
00:02.4,0.009624480000000001
00:02.4,0.009630202000000001
00:02.4,0.009630180000000002
00:02.4,0.009624457999999999
00:02.4,0.009630202000000001
00:02.4,0.009641624000000001
00:02.4,0.009635902000000002
00:02.4,0.009635924
00:02.4,0.009635924
00:02.5,0.009630180000000002
00:02.5,0.009613069
00:02.5,0.009624491
00:02.5,0.009653089999999998
00:02.5,0.009630202000000001
00:02.5,0.009635902000000002
00:02.5,0.009635902000000002
00:02.5,0.009641624000000001
00:02.5,0.009635902000000002
00:02.5,0.009635902000000002
00:02.5,0.009641624000000001
00:02.5,0.009630158
00:02.5,0.009630158
00:02.5,0.009641680000000001
00:02.5,0.009624457999999999
00:02.5,0.009630236
00:02.5,0.00964738
00:02.5,0.009624436
00:02.5,0.009618736
00:02.5,0.009624458000000002
00:02.5,0.009647368000000002
00:02.5,0.009647324
00:02.5,0.009641624000000001
00:02.5,0.009618736
00:02.5,0.009618714
00:02.6,0.009630158000000002
00:02.6,0.009624457999999999
00:02.6,0.009595825
00:02.6,0.009630158000000002
00:02.6,0.009624436
00:02.6,0.009630158000000002
00:02.6,0.009635880000000001
00:02.6,0.009635958000000002
00:02.6,0.009624514
00:02.6,0.00964738
00:02.6,0.009641680000000001
00:02.6,0.009613069
00:02.6,0.009612992
00:02.6,0.009641624000000001
00:02.6,0.009641680000000001
00:02.6,0.009612991
00:02.6,0.009618714
00:02.6,0.009613069
00:02.6,0.009613047
00:02.6,0.009613014
00:02.6,0.009641623999999998
00:02.6,0.009624436
00:02.6,0.009613069
00:02.6,0.009630236
00:02.6,0.009635936
00:02.7,0.009624514
00:02.7,0.009624514
00:02.7,0.009618792000000001
00:02.7,0.009613069
00:02.7,0.009618747
00:02.7,0.009641614
00:02.7,0.009641680000000001
00:02.7,0.009624514
00:02.7,0.009624458000000002
00:02.7,0.009618714
00:02.7,0.009630214
00:02.7,0.009630192000000001
00:02.7,0.009618769
00:02.7,0.009601603
00:02.7,0.009641658
00:02.7,0.009630236
00:02.7,0.009618714
00:02.7,0.009612992
00:02.7,0.009618792000000001
00:02.7,0.009624492
00:02.7,0.009618747
00:02.7,0.009624492
00:02.7,0.009624492
00:02.7,0.009624490999999999
00:02.7,0.009624492
00:02.8,0.009630236
00:02.8,0.009624514
00:02.8,0.009607325
00:02.8,0.009624492
00:02.8,0.009613047
00:02.8,0.009624514
00:02.8,0.009630192000000001
00:02.8,0.009618769
00:02.8,0.009613069
00:02.8,0.009613047
00:02.8,0.009624492
00:02.8,0.009613047
00:02.8,0.009618747
00:02.8,0.009613047
00:02.8,0.009607303000000001
00:02.8,0.009618769
00:02.8,0.009590181
00:02.8,0.009613070000000001
00:02.8,0.009618747
00:02.8,0.009595825
00:02.8,0.009618792000000001
00:02.8,0.00961877
00:02.8,0.009590137
00:02.8,0.009618725
00:02.8,0.009613069
00:02.9,0.009613014
00:02.9,0.009607270000000001
00:02.9,0.009613070000000001
00:02.9,0.009613047
00:02.9,0.009613025
00:02.9,0.009613025
00:02.9,0.009595903000000001
00:02.9,0.009572993
00:02.9,0.009613003
00:02.9,0.009635969
00:02.9,0.009613047
00:02.9,0.009612992
00:02.9,0.009601547
00:02.9,0.009601625
00:02.9,0.009584437
00:02.9,0.009595881
00:02.9,0.009613047
00:02.9,0.009601581000000001
00:02.9,0.009618747
00:02.9,0.009613047
00:02.9,0.009613047
00:02.9,0.009613047
00:02.9,0.009618725
00:02.9,0.009601603
00:02.9,0.009578737
00:03.0,0.009578736999999999
00:03.0,0.009601581000000001
00:03.0,0.009618803
00:03.0,0.009624447
00:03.0,0.009613047
00:03.0,0.009601625
00:03.0,0.009595881
00:03.0,0.009601603
00:03.0,0.009601581000000001
00:03.0,0.009584414999999999
00:03.0,0.009613003
00:03.0,0.009601637
00:00:03,0.009601581000000001
00:03.0,0.009613048
00:03.0,0.009607325
00:03.0,0.009595903
00:03.0,0.009601603
00:03.0,0.009590136999999999
00:03.0,0.009601558999999999
00:03.0,0.009584393
00:03.0,0.009601637
00:03.0,0.009624469
00:03.0,0.009613047
00:03.0,0.009595881
00:03.0,0.009607303
00:03.1,0.009590159000000001
00:03.1,0.009601581
00:03.1,0.009595859
00:03.1,0.009595837
00:03.1,0.009595915
00:03.1,0.009590151
00:03.1,0.009590115
00:03.1,0.009601637
00:03.1,0.009601558999999999
00:03.1,0.00961307
00:03.1,0.009613048
00:03.1,0.009607303
00:03.1,0.009601581
00:03.1,0.009601581000000001
00:03.1,0.009601558999999999
00:03.1,0.009607281
00:03.1,0.009595837
00:03.1,0.009618759
00:03.1,0.009590105
00:03.1,0.009613080999999999
00:03.1,0.009595903000000001
00:03.1,0.009584437000000001
00:03.1,0.009584459
00:03.1,0.009595881
00:03.1,0.009607303
00:03.2,0.009601581
00:03.2,0.009601581
00:03.2,0.009601559
00:03.2,0.009601558999999999
00:03.2,0.009590115
00:03.2,0.009595915
00:03.2,0.009595873
00:03.2,0.009595873
00:03.2,0.009613081
00:03.2,0.009613025
00:03.2,0.009595859
00:03.2,0.009601581
00:03.2,0.009601581
00:03.2,0.009601581
00:03.2,0.009590115
00:03.2,0.009601637
00:03.2,0.009578749000000001
00:03.2,0.009607316999999999
00:03.2,0.009618761
00:03.2,0.009607315
00:03.2,0.009590193
00:03.2,0.009618748
00:03.2,0.009607303
00:03.2,0.009595859
00:03.2,0.009595859
00:03.3,0.009595837
00:03.3,0.009590193
00:03.3,0.009601595
00:03.3,0.009607316999999999
00:03.3,0.009595873
00:03.3,0.009613039
00:03.3,0.009601637
00:03.3,0.009595873
00:03.3,0.009613038999999999
00:03.3,0.009590115
00:03.3,0.009573027
00:03.3,0.009595915
00:03.3,0.009618761
00:03.3,0.009607316999999999
00:03.3,0.009618761
00:03.3,0.009613003
00:03.3,0.009601559
00:03.3,0.009584471
00:03.3,0.009595915
00:03.3,0.009590193
00:03.3,0.009595871
00:03.3,0.009613039
00:03.3,0.009613081
00:03.3,0.009590193
00:03.3,0.009590193
00:03.4,0.009601595
00:03.4,0.009601637
00:03.4,0.009595915
00:03.4,0.009595915
00:03.4,0.009590193
00:03.4,0.009595871
00:03.4,0.009595873
00:03.4,0.009590193
00:03.4,0.009590151
00:03.4,0.009607316999999999
00:03.4,0.009607315
00:03.4,0.009607316999999999
00:03.4,0.009590151
00:03.4,0.009595873
00:03.4,0.009607316999999999
00:03.4,0.009595915
00:03.4,0.009601595
00:03.4,0.009595871
00:03.4,0.009578706999999999
00:03.4,0.009590151
00:03.4,0.009607315
00:03.4,0.009584471
00:03.4,0.009573027000000001
00:03.4,0.009567261
00:03.4,0.009590149000000001
00:03.5,0.009595871
00:03.5,0.009584429
00:03.5,0.009573027
00:03.5,0.009584427000000001
00:03.5,0.009590151
00:03.5,0.009584429
00:03.5,0.009572985
00:03.5,0.009561583
00:03.5,0.009584429
00:03.5,0.009595871
00:03.5,0.009584427
00:03.5,0.009601593
00:03.5,0.009590149000000001
00:03.5,0.009584427
00:03.5,0.009578706999999999
00:03.5,0.009572985
00:03.5,0.009590149000000001
00:03.5,0.009584427
00:03.5,0.009584427
00:03.5,0.009555861
00:03.5,0.009555817000000001
00:03.5,0.009578703
00:03.5,0.009595869
00:03.5,0.009572983
00:03.5,0.009550097
00:03.6,0.009572985
00:03.6,0.009572983
00:03.6,0.009567259
00:03.6,0.009578703
00:03.6,0.009572981
00:03.6,0.009578703
00:03.6,0.009578706999999999
00:03.6,0.009572983
00:03.6,0.009567261
00:03.6,0.009572985
00:03.6,0.009572983
00:03.6,0.009572981
00:03.6,0.009584424999999999
00:03.6,0.009572981
00:03.6,0.009567259
00:03.6,0.009567259
00:03.6,0.009595869
00:03.6,0.009567263
00:03.6,0.009555814999999999
00:03.6,0.009561537
00:03.6,0.009578703
00:03.6,0.009584383
00:03.6,0.009590105
00:03.6,0.009578703
00:03.6,0.009561495
00:03.7,0.009572983
00:03.7,0.009572982999999998
00:03.7,0.009572983
00:03.7,0.009567261
00:03.7,0.009572939
00:03.7,0.009572939
00:03.7,0.009567217000000001
00:03.7,0.009561537
00:03.7,0.009561495
00:03.7,0.009578703
00:03.7,0.009567217000000001
00:03.7,0.009555773
00:03.7,0.009550095
00:03.7,0.009584382999999998
00:03.7,0.009578739
00:03.7,0.009555814999999999
00:03.7,0.009572939
00:03.7,0.009561537
00:03.7,0.009555815
00:03.7,0.009561537
00:03.7,0.009578661
00:03.7,0.009567217000000001
00:03.7,0.009561573
00:03.7,0.009567217000000001
00:03.7,0.009572981
00:03.8,0.009578739
00:03.8,0.009561551
00:03.8,0.009561573
00:03.8,0.009590161
00:03.8,0.009561536999999998
00:03.8,0.009567259
00:03.8,0.009555772999999998
00:03.8,0.009550092999999999
00:03.8,0.009567217
00:03.8,0.009555851
00:03.8,0.009567295
00:03.8,0.009561495
00:03.8,0.009561495
00:03.8,0.009550051
00:03.8,0.009550051
00:03.8,0.009572938999999999
00:03.8,0.009567217000000001
00:03.8,0.009573017
00:03.8,0.009561573
00:03.8,0.009567295
00:03.8,0.009561573
00:03.8,0.009555829
00:03.8,0.009544384999999999
00:03.8,0.009561573
00:03.8,0.009532927
00:03.9,0.009561537
00:03.9,0.009567259
00:03.9,0.009561495
00:03.9,0.009561573
00:03.9,0.009561573
00:03.9,0.009567295
00:03.9,0.009567295
00:03.9,0.009561551
00:03.9,0.009567273
00:03.9,0.009561573
00:03.9,0.009532941
00:03.9,0.009555850999999999
00:03.9,0.009555851
00:03.9,0.009538649
00:03.9,0.009567217
00:03.9,0.009561572999999999
00:03.9,0.009561573
00:03.9,0.009561551
00:03.9,0.009567273
00:03.9,0.009567295
00:03.9,0.009567273
00:03.9,0.009550129000000001
00:03.9,0.009550085
00:03.9,0.009567250999999999
00:03.9,0.009561495
00:04.0,0.009555850999999999
00:04.0,0.009550129000000001
00:04.0,0.009561573
00:04.0,0.009567250999999999
00:04.0,0.009561551
00:04.0,0.009550107
00:04.0,0.009561573
00:04.0,0.009567295
00:04.0,0.009561551
00:04.0,0.009561529
00:04.0,0.009561529
00:04.0,0.009544407000000001
00:00:04,0.009561551
00:04.0,0.009555829
00:04.0,0.009555829
00:04.0,0.009578673
00:04.0,0.009578673
00:04.0,0.009567273
00:04.0,0.009555829
00:04.0,0.009544384999999999
00:04.0,0.009567273
00:04.0,0.009567273
00:04.0,0.009561529
00:04.0,0.009567229
00:04.0,0.009555807
00:04.1,0.009555829
00:04.1,0.009555829
00:04.1,0.009555829
00:04.1,0.009561529
00:04.1,0.009561529
00:04.1,0.009538641
00:04.1,0.009555829
00:04.1,0.009544341
00:04.1,0.009550063
00:04.1,0.009561551
00:04.1,0.009567250999999999
00:04.1,0.009572994999999999
00:04.1,0.009550107
00:04.1,0.009544362999999998
00:04.1,0.009561507
00:04.1,0.009567250999999999
00:04.1,0.009561529
00:04.1,0.009561507
00:04.1,0.009555784999999999
00:04.1,0.009544363
00:04.1,0.009550085
00:04.1,0.009550085
00:04.1,0.009550085
00:04.1,0.009544341
00:04.1,0.009550063
00:04.2,0.009550063
00:04.2,0.009544341
00:04.2,0.009527174000000001
00:04.2,0.009544341
00:04.2,0.009561507
00:04.2,0.009538617999999999
00:04.2,0.009544419
00:04.2,0.009567307
00:04.2,0.009567229
00:04.2,0.009550063
00:04.2,0.009544341
00:04.2,0.009527195999999998
00:04.2,0.009550063
00:04.2,0.009555784999999999
00:04.2,0.009555840999999999
00:04.2,0.009567284999999998
00:04.2,0.009550141
00:04.2,0.009544419
00:04.2,0.009550141
00:04.2,0.009544341
00:04.2,0.009538619
00:04.2,0.009544341
00:04.2,0.009550063
00:04.2,0.009532895999999999
00:04.2,0.009538696
00:04.3,0.009550141
00:04.3,0.009555840999999999
00:04.3,0.009555840999999999
00:04.3,0.009550139999999999
00:04.3,0.009544341
00:04.3,0.009544341
00:04.3,0.009550141
00:04.3,0.009532895999999999
00:04.3,0.009532974000000001
00:04.3,0.009538696000000001
00:04.3,0.009550141
00:04.3,0.009550141
00:04.3,0.009555863
00:04.3,0.009550141
00:04.3,0.009538696000000001
00:04.3,0.009555840999999999
00:04.3,0.009550117999999998
00:04.3,0.009544396
00:04.3,0.009538696
00:04.3,0.009532895999999999
00:04.3,0.009538696999999999
00:04.3,0.009544419
00:04.3,0.009538696
00:04.3,0.009532974000000001
00:04.3,0.009544395999999998
00:04.4,0.009555840999999999
00:04.4,0.009561562999999999
00:04.4,0.009544419
00:04.4,0.009538652000000002
00:04.4,0.009532974000000001
00:04.4,0.009538619
00:04.4,0.009550141
00:04.4,0.009550141
00:04.4,0.009532974000000001
00:04.4,0.009532974000000001
00:04.4,0.009532952
00:04.4,0.009538674
00:04.4,0.009544352
00:04.4,0.009567241
00:04.4,0.009544417999999999
00:04.4,0.009538674
00:04.4,0.009550119
00:04.4,0.009544374000000001
00:04.4,0.009550096000000001
00:04.4,0.009572985
00:04.4,0.009561541
00:04.4,0.009550096000000001
00:04.4,0.009555817999999999
00:04.4,0.009544417999999999
00:04.4,0.009544395999999998
00:04.5,0.009544395999999998
00:04.5,0.009532974000000001
00:04.5,0.009532974000000001
00:04.5,0.009538674
00:04.5,0.009532930000000002
00:04.5,0.009555796000000002
00:04.5,0.009550052000000002
00:04.5,0.009532929999999998
00:04.5,0.009544374000000001
00:04.5,0.009544374000000001
00:04.5,0.009555840999999999
00:04.5,0.009544396
00:04.5,0.009538652000000002
00:04.5,0.009550096000000001
00:04.5,0.00953863
00:04.5,0.009555796000000002
00:04.5,0.009550074000000002
00:04.5,0.009555796000000002
00:04.5,0.009550096000000001
00:04.5,0.009550096000000001
00:04.5,0.009538652000000002
00:04.5,0.009527252000000002
00:04.5,0.009538652000000002
00:04.5,0.009538630000000001
00:04.5,0.009532929999999998
00:04.6,0.009561496000000001
00:04.6,0.009550052000000002
00:04.6,0.009544329999999998
00:04.6,0.009532908
00:04.6,0.009550096000000001
00:04.6,0.009538674
00:04.6,0.009527230000000001
00:04.6,0.009527207999999999
00:04.6,0.009532886
00:04.6,0.009550052000000002
00:04.6,0.009555774000000001
00:04.6,0.009550096000000001
00:04.6,0.009550096000000001
00:04.6,0.009544352000000002
00:04.6,0.009544329999999998
00:04.6,0.009521464
00:04.6,0.009550074
00:04.6,0.009550074000000002
00:04.6,0.009527164000000001
00:04.6,0.009538608
00:04.6,0.009532929999999998
00:04.6,0.009532930000000002
00:04.6,0.009550074
00:04.6,0.009544352000000002
00:04.6,0.009544352000000002
00:04.7,0.009550052000000002
00:04.7,0.009555852000000002
00:04.7,0.009555829999999998
00:04.7,0.009538608
00:04.7,0.00951572
00:04.7,0.009544374000000001
00:04.7,0.009544374000000001
00:04.7,0.009521486000000001
00:04.7,0.009532886
00:04.7,0.009538686000000001
00:04.7,0.009550052000000002
00:04.7,0.009538608
00:04.7,0.009527186
00:04.7,0.009532886
00:04.7,0.009527164000000001
00:04.7,0.009538608
00:04.7,0.009550052000000002
00:04.7,0.009544408
00:04.7,0.009532942
00:04.7,0.009538607999999999
00:04.7,0.009544352000000002
00:04.7,0.009532886
00:04.7,0.009538686000000001
00:04.7,0.009532964000000001
00:04.7,0.009527242000000002
00:04.8,0.009532886
00:04.8,0.009521520000000002
00:04.8,0.009544408
00:04.8,0.009544352000000002
00:04.8,0.009538607999999999
00:04.8,0.009532886
00:04.8,0.009532908
00:04.8,0.009527164000000001
00:04.8,0.00952152
00:04.8,0.009532886
00:04.8,0.009532908
00:04.8,0.009544386
00:04.8,0.009532964000000001
00:04.8,0.009550129999999999
00:04.8,0.009538608
00:04.8,0.009527164000000001
00:04.8,0.009527242000000002
00:04.8,0.009538686000000001
00:04.8,0.009544386
00:04.8,0.009527242000000002
00:04.8,0.009550108
00:04.8,0.009532942
00:04.8,0.009544386
00:04.8,0.009538664
00:04.8,0.009527164000000001
00:04.9,0.009532908
00:04.9,0.009532886
00:04.9,0.009538664
00:04.9,0.009532942
00:04.9,0.00952152
00:04.9,0.00952722
00:04.9,0.009538642000000002
00:04.9,0.009521442000000001
00:04.9,0.009544407999999999
00:04.9,0.009538686000000001
00:04.9,0.009527164000000001
00:04.9,0.009527242000000002
00:04.9,0.009532942
00:04.9,0.009544386000000002
00:04.9,0.009538686000000001
00:04.9,0.009538664
00:04.9,0.009532964000000001
00:04.9,0.009550064
00:04.9,0.009532964000000001
00:04.9,0.009521498
00:04.9,0.009527242000000002
00:04.9,0.00952722
00:04.9,0.009550086000000001
00:04.9,0.009515798
00:04.9,0.009521520000000002
00:05.0,0.009515798
00:05.0,0.009538686000000001
00:05.0,0.009538664
00:05.0,0.009510054
00:05.0,0.009521498
00:05.0,0.009538664
00:05.0,0.00953292
00:05.0,0.009527198
00:05.0,0.009532942
00:05.0,0.009538642000000002
00:05.0,0.00952722
00:05.0,0.009510054
00:00:05,0.009527220000000001
00:05.0,0.00953292
00:05.0,0.00953292
00:05.0,0.009538686000000001
00:05.0,0.00952152
00:05.0,0.009510054
00:05.0,0.009510076000000001
00:05.0,0.009527242000000002
00:05.0,0.009510054
00:05.0,0.009521498
00:05.0,0.009538664
00:05.0,0.009527198
00:05.0,0.00953292
00:05.1,0.009532942
00:05.1,0.009527198
00:05.1,0.00951581
00:05.1,0.009527176
00:05.1,0.00953292
00:05.1,0.009521498
00:05.1,0.009532920000000002
00:05.1,0.009544364000000001
00:05.1,0.00951572
00:05.1,0.009510076000000001
00:05.1,0.009515810000000001
00:05.1,0.00952722
00:05.1,0.009521520000000002
00:05.1,0.009521498
00:05.1,0.009510054
00:05.1,0.009510032000000002
00:05.1,0.009521498
00:05.1,0.00952722
00:05.1,0.009515754000000001
00:05.1,0.009492866
00:05.1,0.009532942
00:05.1,0.009538620000000001
00:05.1,0.00953292
00:05.1,0.009515754000000001
00:05.1,0.009510054
00:05.2,0.009515754000000001
00:05.2,0.009527198
00:05.2,0.009532898
00:05.2,0.009527176
00:05.2,0.00951001
00:05.2,0.009521532000000001
00:05.2,0.009521498
00:05.2,0.009521476000000001
00:05.2,0.009515754000000001
00:05.2,0.009510010000000001
00:05.2,0.00951001
00:05.2,0.009498588
00:05.2,0.009521476000000001
00:05.2,0.009521454
00:05.2,0.009521476000000001
00:05.2,0.009532976
00:05.2,0.009515754000000001
00:05.2,0.009510054
00:05.2,0.009515732
00:05.2,0.009510010000000001
00:05.2,0.009504288
00:05.2,0.009498566
00:05.2,0.009492866
00:05.2,0.009532920000000002
00:05.2,0.009527176
00:05.3,0.009510032000000002
00:05.3,0.009515754000000001
00:05.3,0.009515732
00:05.3,0.009504288
00:05.3,0.009504288
00:05.3,0.009515776
00:05.3,0.009527198
00:05.3,0.009510010000000001
00:05.3,0.009492844
00:05.3,0.009515732
00:05.3,0.009515754000000001
00:05.3,0.009510032000000002
00:05.3,0.009510054
00:05.3,0.009510032000000002
00:05.3,0.009504288000000001
00:05.3,0.009510088
00:05.3,0.009515732
00:05.3,0.009515810000000001
00:05.3,0.00951581
00:05.3,0.009504288
00:05.3,0.009504288
00:05.3,0.009504366
00:05.3,0.009515732
00:05.3,0.009515732
00:05.3,0.009498588
00:05.4,0.009481422
00:05.4,0.009498644
00:05.4,0.009515810000000001
00:05.4,0.009510010000000001
00:05.4,0.009504332
00:05.4,0.009504354
00:05.4,0.009515732
00:05.4,0.009498566
00:05.4,0.009515732
00:05.4,0.009504288
00:05.4,0.009492922
00:05.4,0.009504344000000001
00:05.4,0.009515732
00:05.4,0.009498588
00:05.4,0.0094757
00:05.4,0.009504288000000001
00:05.4,0.009504288000000001
00:05.4,0.009510088000000002
00:05.4,0.009515810000000001
00:05.4,0.009504366
00:05.4,0.009498644
00:05.4,0.009498644
00:05.4,0.009510066
00:05.4,0.009510088
00:05.4,0.009492922
00:05.5,0.009498566
00:05.5,0.009515788
00:05.5,0.009521454
00:05.5,0.009504310000000002
00:05.5,0.0094757
00:05.5,0.009504288
00:05.5,0.009532954
00:05.5,0.009521485
00:05.5,0.009498644
00:05.5,0.009498610000000001
00:05.5,0.009498566000000002
00:05.5,0.009515732
00:05.5,0.009521532000000001
00:05.5,0.009515810000000001
00:05.5,0.009498566
00:05.5,0.009481400000000001
00:05.5,0.009498566
00:05.5,0.009510088000000002
00:05.5,0.009510066000000001
00:05.5,0.009504344000000001
00:05.5,0.009521532000000001
00:05.5,0.009498566
00:05.5,0.0094929
00:05.5,0.009515810000000001
00:05.5,0.009510032000000002
00:05.6,0.009510088
00:05.6,0.009498566
00:05.6,0.009498566
00:05.6,0.009504288
00:05.6,0.009504288000000001
00:05.6,0.009515810000000001
00:05.6,0.00952151
00:05.6,0.00952151
00:05.6,0.009504366
00:05.6,0.009481400000000001
00:05.6,0.009492844
00:05.6,0.009498588000000002
00:05.6,0.009498566
00:05.6,0.009521532000000001
00:05.6,0.009521532000000001
00:05.6,0.009498644
00:05.6,0.009515763
00:05.6,0.009521485
00:05.6,0.009521485
00:05.6,0.00951581
00:05.6,0.009515732
00:05.6,0.009504310000000002
00:05.6,0.009498588000000002
00:05.6,0.009498566
00:05.6,0.009504288000000001
00:05.7,0.009515810000000001
00:05.7,0.009515788
00:05.7,0.009527207
00:05.7,0.009521485
00:05.7,0.009504366
00:05.7,0.009481478000000002
00:05.7,0.009475678000000001
00:05.7,0.009492844
00:05.7,0.009521454
00:05.7,0.009521454
00:05.7,0.009510010000000001
00:05.7,0.009510010000000001
00:05.7,0.009510088000000002
00:05.7,0.009510066
00:05.7,0.009504319
00:05.7,0.009492875
00:05.7,0.009532929
00:05.7,0.009538651000000002
00:05.7,0.009532928999999999
00:05.7,0.009510088
00:05.7,0.009504288000000001
00:05.7,0.009498588000000002
00:05.7,0.009510088000000002
00:05.7,0.009504366
00:05.7,0.009504366
00:05.8,0.009504366
00:05.8,0.009504319
00:05.8,0.009515763
00:05.8,0.009510041
00:05.8,0.009492900000000002
00:05.8,0.009504344
00:05.8,0.009504366
00:05.8,0.009527232
00:05.8,0.009498644
00:05.8,0.009515810000000001
00:05.8,0.009510010000000001
00:05.8,0.009510088000000002
00:05.8,0.009510066
00:05.8,0.009527207
00:05.8,0.00952151
00:05.8,0.009504366
00:05.8,0.009498644
00:05.8,0.009504344
00:05.8,0.009498644
00:05.8,0.009504366
00:05.8,0.009498622
00:05.8,0.009510088000000002
00:05.8,0.009504344
00:05.8,0.009510041
00:05.8,0.009492875
00:05.9,0.009492875000000001
00:05.9,0.009521485
00:05.9,0.00952151
00:05.9,0.009527207000000001
00:05.9,0.009515810000000001
00:05.9,0.009504288000000001
00:05.9,0.009510088000000002
00:05.9,0.009510088
00:05.9,0.009498622
00:05.9,0.0094929
00:05.9,0.009504344
00:05.9,0.009504344000000001
00:05.9,0.009504319
00:05.9,0.009527207
00:05.9,0.009510066000000001
00:05.9,0.009504366
00:05.9,0.009515788
00:05.9,0.009515810000000001
00:05.9,0.009504366
00:05.9,0.009498622
00:05.9,0.009481456
00:05.9,0.009510066
00:05.9,0.009515763
00:05.9,0.009538651
00:05.9,0.009521485
00:06.0,0.009504344000000001
00:06.0,0.009515788
00:06.0,0.009510088
00:06.0,0.009498622
00:06.0,0.009510088000000002
00:06.0,0.009510066
00:06.0,0.009498622000000002
00:06.0,0.009492875000000001
00:06.0,0.009515763
00:06.0,0.009515763
00:06.0,0.009515788
00:06.0,0.009504366
00:00:06,0.009498622
00:06.0,0.009515763
00:06.0,0.009510041
00:06.0,0.009492873999999998
00:06.0,0.00952151
00:06.0,0.009515810000000001
00:06.0,0.009510066
00:06.0,0.009527207000000001
00:06.0,0.009521485
00:06.0,0.009515763
00:06.0,0.009498622000000002
00:06.0,0.009510041
00:06.0,0.009532929
00:06.1,0.009521485000000001
00:06.1,0.009527207
00:06.1,0.009521485
00:06.1,0.009498644
00:06.1,0.009504366
00:06.1,0.009510066000000001
00:06.1,0.009515788
00:06.1,0.009510066
00:06.1,0.009504319
00:06.1,0.009527207000000001
00:06.1,0.009527232
00:06.1,0.00952151
00:06.1,0.009515763
00:06.1,0.009515763
00:06.1,0.009527207000000001
00:06.1,0.009515763
00:06.1,0.009510088
00:06.1,0.009498644
00:06.1,0.009515763
00:06.1,0.009515763
00:06.1,0.009515763
00:06.1,0.009521485
00:06.1,0.009504344000000001
00:06.1,0.009498622
00:06.1,0.009527207000000001
00:06.2,0.00951581
00:06.2,0.009515788
00:06.2,0.00952151
00:06.2,0.009510066000000001
00:06.2,0.009510041
00:06.2,0.009492922
00:06.2,0.009515732
00:06.2,0.009515788
00:06.2,0.009521485
00:06.2,0.00952151
00:06.2,0.009510066000000001
00:06.2,0.00952151
00:06.2,0.009532929
00:06.2,0.009532929
00:06.2,0.0094872
00:06.2,0.009504288000000001
00:06.2,0.009521532000000001
00:06.2,0.00952151
00:06.2,0.009515763
00:06.2,0.009515788
00:06.2,0.009515788
00:06.2,0.009527207000000001
00:06.2,0.009527207
00:06.2,0.009515763
00:06.2,0.009510041
00:06.3,0.009498597000000001
00:06.3,0.009498644
00:06.3,0.009521532000000001
00:06.3,0.009527232
00:06.3,0.009521485
00:06.3,0.009521485
00:06.3,0.009515763
00:06.3,0.009515763
00:06.3,0.009544373
00:06.3,0.009527232000000002
00:06.3,0.009504288
00:06.3,0.009510066
00:06.3,0.00952151
00:06.3,0.00952151
00:06.3,0.009521485
00:06.3,0.009527207
00:06.3,0.009510041
00:06.3,0.009527207
00:06.3,0.009515763
00:06.3,0.009510066000000001
00:06.3,0.009498622000000002
00:06.3,0.009515788
00:06.3,0.009532929
00:06.3,0.009527207000000001
00:06.3,0.009527207000000001
00:06.4,0.009504366
00:06.4,0.009521485
00:06.4,0.009521485
00:06.4,0.009527207000000001
00:06.4,0.009527207
00:06.4,0.009515788
00:06.4,0.009515788
00:06.4,0.00952151
00:06.4,0.009521485
00:06.4,0.009527207
00:06.4,0.009510041
00:06.4,0.009498597
00:06.4,0.009544373000000002
00:06.4,0.009521485
00:06.4,0.009515763
00:06.4,0.009504344000000001
00:06.4,0.009521532000000001
00:06.4,0.009527232
00:06.4,0.009521485
00:06.4,0.009521485
00:06.4,0.009521485
00:06.4,0.009521485
00:06.4,0.009527207
00:06.4,0.009504344000000001
00:06.4,0.009504344000000001
00:06.5,0.009492875
00:06.5,0.009510041
00:06.5,0.00952151
00:06.5,0.009510041
00:06.5,0.009521485
00:06.5,0.00952151
00:06.5,0.009521485
00:06.5,0.009527207
00:06.5,0.009515763
00:06.5,0.009521485000000001
00:06.5,0.009527207000000001
00:06.5,0.009515788
00:06.5,0.009498597000000001
00:06.5,0.009504319
00:06.5,0.009498622000000002
00:06.5,0.009475733
00:06.5,0.00952151
00:06.5,0.009527207000000001
00:06.5,0.009521485
00:06.5,0.009515763
00:06.5,0.009521485
00:06.5,0.009504319
00:06.5,0.009504319
00:06.5,0.009492875
00:06.5,0.009510041
00:06.6,0.009515788
00:06.6,0.009515763
00:06.6,0.009504344000000001
00:06.6,0.009510041
00:06.6,0.009515763
00:06.6,0.009515763
00:06.6,0.009492874
00:06.6,0.009521485
00:06.6,0.009521485
00:06.6,0.009510041
00:06.6,0.00951581
00:06.6,0.009504366
00:06.6,0.009504366
00:06.6,0.009498644
00:06.6,0.009521485000000001
00:06.6,0.009515763000000002
00:06.6,0.009498597
00:06.6,0.009510041
00:06.6,0.009504319
00:06.6,0.009487151999999999
00:06.6,0.009487177999999999
00:06.6,0.009510041
00:06.6,0.00952151
00:06.6,0.009515763
00:06.6,0.009504319
00:06.7,0.009504319
00:06.7,0.009515763
00:06.7,0.009527207000000001
00:06.7,0.009521485000000001
00:06.7,0.009492875
00:06.7,0.009510041
00:06.7,0.009527207
00:06.7,0.009521485
00:06.7,0.009510041
00:06.7,0.009504319
00:06.7,0.009504319
00:06.7,0.009515763
00:06.7,0.009510041
00:06.7,0.009492875
00:06.7,0.009498597000000001
00:06.7,0.009510041
00:06.7,0.009504344000000001
00:06.7,0.009498644
00:06.7,0.009504319
00:06.7,0.009498596
00:06.7,0.009504319
00:06.7,0.009510041
00:06.7,0.009515763000000002
00:06.7,0.009504319
00:06.7,0.009498597000000001
00:06.8,0.009521485
00:06.8,0.009527207
00:06.8,0.009510041
00:06.8,0.009504319
00:06.8,0.009515763000000002
00:06.8,0.009498597000000001
00:06.8,0.009504319
00:06.8,0.009510041
00:06.8,0.009510041
00:06.8,0.009481429999999999
00:06.8,0.009498622000000002
00:06.8,0.009510041
00:06.8,0.009492875
00:06.8,0.009498597
00:06.8,0.009504319
00:06.8,0.009498597
00:06.8,0.009504319
00:06.8,0.009504319
00:06.8,0.009487177999999999
00:06.8,0.009498597000000001
00:06.8,0.009504319
00:06.8,0.009510041
00:06.8,0.009504319
00:06.8,0.009510041
00:06.8,0.009498596
00:06.9,0.0094929
00:06.9,0.009498644
00:06.9,0.009492875
00:06.9,0.009487151999999999
00:06.9,0.009492875
00:06.9,0.009492875
00:06.9,0.009504319
00:06.9,0.009498597000000001
00:06.9,0.009498597000000001
00:06.9,0.009498622000000002
00:06.9,0.009487177999999999
00:06.9,0.009492875
00:06.9,0.009510041
00:06.9,0.009510041
00:06.9,0.009487152
00:06.9,0.009469986
00:06.9,0.009492875
00:06.9,0.009492875
00:06.9,0.009492875
00:06.9,0.009504319
00:06.9,0.009492873999999998
00:06.9,0.009504319
00:06.9,0.009487151999999999
00:06.9,0.009504319
00:06.9,0.009481429999999999
00:07.0,0.009481429999999999
00:07.0,0.009475756
00:07.0,0.009469956
00:07.0,0.009469956
00:07.0,0.009464289
00:07.0,0.009475708
00:07.0,0.009475754999999999
00:07.0,0.009469956
00:07.0,0.009464256
00:07.0,0.009464289
00:07.0,0.009487151999999999
00:07.0,0.009498596
00:00:07,0.009487152
00:07.0,0.009481429999999999
00:07.0,0.0094872
00:07.0,0.009487153
00:07.0,0.009492875
00:07.0,0.009498596
00:07.0,0.009504318
00:07.0,0.009492874
00:07.0,0.009487152
00:07.0,0.009487151999999999
00:07.0,0.009498597000000001
00:07.0,0.009475708
00:07.0,0.009487151999999999
00:07.1,0.009492873999999998
00:07.1,0.009475708
00:07.1,0.009481456
00:07.1,0.009481429999999999
00:07.1,0.009487151999999999
00:07.1,0.00948143
00:07.1,0.009492875
00:07.1,0.009458542
00:07.1,0.009464264
00:07.1,0.009487153
00:07.1,0.009475708
00:07.1,0.009487151999999999
00:07.1,0.009481429999999999
00:07.1,0.009470011
00:07.1,0.009469986
00:07.1,0.009487151999999999
00:07.1,0.009492875
00:07.1,0.009469986
00:07.1,0.009487151999999999
00:07.1,0.009498596
00:07.1,0.009487151999999999
00:07.1,0.009464264
00:07.1,0.009452845000000001
00:07.1,0.009475708
00:07.1,0.009487151999999999
00:07.2,0.009469986
00:07.2,0.009492875
00:07.2,0.009492873999999998
00:07.2,0.009464264
00:07.2,0.009481429999999999
00:07.2,0.009475708
00:07.2,0.009464289
00:07.2,0.009464289
00:07.2,0.009475708
00:07.2,0.009481429999999999
00:07.2,0.009481429999999999
00:07.2,0.009469986
00:07.2,0.009481429999999999
00:07.2,0.009481429999999999
00:07.2,0.009458541999999999
00:07.2,0.009458542
00:07.2,0.009469986
00:07.2,0.009475708
00:07.2,0.009481429999999999
00:07.2,0.00948143
00:07.2,0.009469986
00:07.2,0.009458542
00:07.2,0.009475708
00:07.2,0.009481429999999999
00:07.2,0.009469986
00:07.3,0.009469986
00:07.3,0.009469986
00:07.3,0.009458542
00:07.3,0.00948143
00:07.3,0.009464264
00:07.3,0.009458542
00:07.3,0.009475708
00:07.3,0.009475708
00:07.3,0.009487151999999999
00:07.3,0.009475708
00:07.3,0.009458567000000001
00:07.3,0.009452867
00:07.3,0.009469986
00:07.3,0.009458567000000001
00:07.3,0.009452819999999999
00:07.3,0.009469986
00:07.3,0.009470011
00:07.3,0.009475708
00:07.3,0.009469986
00:07.3,0.00948143
00:07.3,0.009487152
00:07.3,0.009487152
00:07.3,0.009475708
00:07.3,0.009475708
00:07.3,0.009464264
00:07.4,0.009469986
00:07.4,0.009475708
00:07.4,0.009464264
00:07.4,0.009469986
00:07.4,0.009475708
00:07.4,0.009469986
00:07.4,0.009469986
00:07.4,0.009475708
00:07.4,0.009447098
00:07.4,0.009475708
00:07.4,0.009469986
00:07.4,0.009469986
00:07.4,0.009469986
00:07.4,0.009469986
00:07.4,0.009469986
00:07.4,0.00948143
00:07.4,0.009469986
00:07.4,0.009458567000000001
00:07.4,0.009464264
00:07.4,0.009464264
00:07.4,0.009464264
00:07.4,0.009458541999999999
00:07.4,0.009469986
00:07.4,0.009458541999999999
00:07.4,0.009469986
00:07.5,0.009464264
00:07.5,0.009469986
00:07.5,0.009469986
00:07.5,0.009475708
00:07.5,0.009469986
00:07.5,0.009469986
00:07.5,0.009464264
00:07.5,0.009458542
00:07.5,0.009447098
00:07.5,0.009458542
00:07.5,0.009469986
00:07.5,0.009452845000000001
00:07.5,0.009441400999999999
00:07.5,0.009452819999999999
00:07.5,0.009469986
00:07.5,0.009447098000000001
00:07.5,0.009435654
00:07.5,0.009487151999999999
00:07.5,0.009464264
00:07.5,0.009464264
00:07.5,0.009475708
00:07.5,0.009481429999999999
00:07.5,0.009469986
00:07.5,0.009469986
00:07.5,0.009469986
00:07.6,0.009464264
00:07.6,0.009469986
00:07.6,0.009464264
00:07.6,0.009464264
00:07.6,0.009458542
00:07.6,0.009469986
00:07.6,0.009469986
00:07.6,0.009469986
00:07.6,0.009452819999999999
00:07.6,0.009435654
00:07.6,0.009475708
00:07.6,0.009475708
00:07.6,0.009447098
00:07.6,0.009475708
00:07.6,0.00948143
00:07.6,0.009487152
00:07.6,0.009469986
00:07.6,0.009452819999999999
00:07.6,0.009447122999999998
00:07.6,0.009447098
00:07.6,0.009481429999999999
00:07.6,0.009469986
00:07.6,0.009469986
00:07.6,0.009469986
00:07.6,0.009475708
00:07.7,0.009469986
00:07.7,0.009452819999999999
00:07.7,0.009481429999999999
00:07.7,0.00948143
00:07.7,0.009464264
00:07.7,0.009481429999999999
00:07.7,0.009481429999999999
00:07.7,0.009458541999999999
00:07.7,0.009481429999999999
00:07.7,0.009487152
00:07.7,0.009458541999999999
00:07.7,0.009464264
00:07.7,0.009475708
00:07.7,0.009475708000000001
00:07.7,0.009475708
00:07.7,0.009481429999999999
00:07.7,0.009475708
00:07.7,0.009469986
00:07.7,0.009481429999999999
00:07.7,0.009458541999999999
00:07.7,0.009469986
00:07.7,0.009475708
00:07.7,0.009441376
00:07.7,0.009475708
00:07.7,0.009447098000000001
00:07.8,0.009487152
00:07.8,0.009498596
00:07.8,0.009464289
00:07.8,0.009464264
00:07.8,0.009487151999999999
00:07.8,0.009469986
00:07.8,0.009464264
00:07.8,0.009475708
00:07.8,0.009481429999999999
00:07.8,0.009469986
00:07.8,0.009469986
00:07.8,0.009481429999999999
00:07.8,0.00948143
00:07.8,0.00948143
00:07.8,0.00948143
00:07.8,0.009469986
00:07.8,0.009464264
00:07.8,0.009487151999999999
00:07.8,0.009487152
00:07.8,0.00948143
00:07.8,0.009469986
00:07.8,0.009469986
00:07.8,0.009475708000000001
00:07.8,0.009487152
00:07.8,0.009492874
00:07.9,0.009487151999999999
00:07.9,0.009469986
00:07.9,0.009464264
00:07.9,0.009464264
00:07.9,0.009464264
00:07.9,0.009481429999999999
00:07.9,0.009487152
00:07.9,0.009481429999999999
00:07.9,0.009475708
00:07.9,0.009475708
00:07.9,0.009475708
00:07.9,0.009475708
00:07.9,0.009464264
00:07.9,0.009475708
00:07.9,0.009487151999999999
00:07.9,0.009475708
00:07.9,0.009470011
00:07.9,0.009487151999999999
00:07.9,0.009487152
00:07.9,0.009469986
00:07.9,0.009475708
00:07.9,0.009469986
00:07.9,0.009498596
00:07.9,0.009498596
00:07.9,0.009475733
00:08.0,0.009464288999999999
00:08.0,0.009475708
00:08.0,0.009469986
00:08.0,0.009481429999999999
00:08.0,0.009504319
00:08.0,0.009498596
00:08.0,0.009469986
00:08.0,0.009464264
00:08.0,0.009487152
00:08.0,0.009487152
00:08.0,0.00948143
00:08.0,0.009487152
00:00:08,0.009498596
00:08.0,0.009481429999999999
00:08.0,0.009487152
00:08.0,0.009492874
00:08.0,0.009481429999999999
00:08.0,0.009487151999999999
00:08.0,0.009487152
00:08.0,0.009475708000000001
00:08.0,0.009487151999999999
00:08.0,0.009458541999999999
00:08.0,0.009487151999999999
00:08.0,0.009492874
00:08.0,0.009481429999999999
00:08.1,0.009469986
00:08.1,0.009487151999999999
00:08.1,0.009475708
00:08.1,0.009481429999999999
00:08.1,0.009475708000000001
00:08.1,0.009498596
00:08.1,0.009475708
00:08.1,0.009492873999999998
00:08.1,0.009498596
00:08.1,0.009492874
00:08.1,0.009498596
00:08.1,0.00948143
00:08.1,0.009481429999999999
00:08.1,0.009487151999999999
00:08.1,0.009492874
00:08.1,0.009475708000000001
00:08.1,0.009452845
00:08.1,0.009452819999999999
00:08.1,0.009510041
00:08.1,0.009504319
00:08.1,0.009492873999999998
00:08.1,0.009481429999999999
00:08.1,0.009492874
00:08.1,0.009475708000000001
00:08.1,0.009452819999999999
00:08.2,0.009492873999999998
00:08.2,0.009498596
00:08.2,0.009504318
00:08.2,0.009469986
00:08.2,0.009458542
00:08.2,0.009475708
00:08.2,0.009464264
00:08.2,0.009464264
00:08.2,0.009481429999999999
00:08.2,0.009487152
00:08.2,0.009492874
00:08.2,0.009475708
00:08.2,0.009452845
00:08.2,0.009458542
00:08.2,0.009464264
00:08.2,0.009469986
00:08.2,0.00948143
00:08.2,0.009487151999999999
00:08.2,0.009475708000000001
00:08.2,0.00948143
00:08.2,0.009492873999999998
00:08.2,0.009481429999999999
00:08.2,0.009475708000000001
00:08.2,0.009487152
00:08.2,0.009464264
00:08.3,0.009469986
00:08.3,0.009475708
00:08.3,0.009475708
00:08.3,0.009469986
00:08.3,0.009469986
00:08.3,0.009469986
00:08.3,0.009475708000000001
00:08.3,0.00948143
00:08.3,0.009492874
00:08.3,0.009487152
00:08.3,0.009469986
00:08.3,0.009469986
00:08.3,0.009464264
00:08.3,0.009464264
00:08.3,0.009464264
00:08.3,0.009481429999999999
00:08.3,0.009487152
00:08.3,0.009464264
00:08.3,0.009458542
00:08.3,0.009481429999999999
00:08.3,0.009487151999999999
00:08.3,0.009464264
00:08.3,0.009469986
00:08.3,0.00948143
00:08.3,0.009487152
00:08.4,0.009475708000000001
00:08.4,0.009469986
00:08.4,0.009487152
00:08.4,0.00948143
00:08.4,0.009469986
00:08.4,0.009475708000000001
00:08.4,0.009469986
00:08.4,0.009447098
00:08.4,0.009464264
00:08.4,0.009475708
00:08.4,0.009452819999999999
00:08.4,0.00945282
00:08.4,0.009487151999999999
00:08.4,0.009475708000000001
00:08.4,0.00948143
00:08.4,0.009469986
00:08.4,0.009475708
00:08.4,0.009452819999999999
00:08.4,0.009469986
00:08.4,0.009481429999999999
00:08.4,0.009469986
00:08.4,0.009464289
00:08.4,0.009452819999999999
00:08.4,0.009464264
00:08.4,0.009475708
00:08.5,0.009464264
00:08.5,0.009469986
00:08.5,0.009469986
00:08.5,0.009469986
00:08.5,0.009458541999999999
00:08.5,0.009469986
00:08.5,0.009458541999999999
00:08.5,0.009458542
00:08.5,0.009464264
00:08.5,0.009469986
00:08.5,0.009469986
00:08.5,0.009464264
00:08.5,0.009458542
00:08.5,0.00945282
00:08.5,0.009464264
00:08.5,0.009464264
00:08.5,0.009469986
00:08.5,0.009464264
00:08.5,0.009452819999999999
00:08.5,0.009458541999999999
00:08.5,0.009464264
00:08.5,0.009464264
00:08.5,0.009458542
00:08.5,0.009469986
00:08.5,0.009458542
00:08.6,0.009441376
00:08.6,0.009452819999999999
00:08.6,0.009452819999999999
00:08.6,0.009447122999999998
00:08.6,0.009458542
00:08.6,0.009441376
00:08.6,0.009458542
00:08.6,0.009469986
00:08.6,0.009469986
00:08.6,0.009475708000000001
00:08.6,0.009452819999999999
00:08.6,0.009447098
00:08.6,0.009452819999999999
00:08.6,0.009464264
00:08.6,0.009464264
00:08.6,0.00945282
00:08.6,0.009447098000000001
00:08.6,0.009452819999999999
00:08.6,0.00945282
00:08.6,0.009447098000000001
00:08.6,0.009452819999999999
00:08.6,0.009452819999999999
00:08.6,0.009435653999999998
00:08.6,0.009447098000000001
00:08.6,0.009464264
00:08.7,0.009424209999999999
00:08.7,0.009418513
00:08.7,0.009441376
00:08.7,0.009469986
00:08.7,0.009458541999999999
00:08.7,0.009452819999999999
00:08.7,0.009447098
00:08.7,0.009447098
00:08.7,0.009458542
00:08.7,0.009441376000000001
00:08.7,0.00945282
00:08.7,0.009435654
00:08.7,0.009441376
00:08.7,0.009435653999999998
00:08.7,0.009441376000000001
00:08.7,0.009458542
00:08.7,0.009458541999999999
00:08.7,0.009447098
00:08.7,0.00945282
00:08.7,0.00945282
00:08.7,0.009441376
00:08.7,0.009418488
00:08.7,0.009435654
00:08.7,0.009447098
00:08.7,0.009447098
00:08.8,0.009447098000000001
00:08.8,0.009458542
00:08.8,0.009458542
00:08.8,0.009447098
00:08.8,0.009458542
00:08.8,0.009469986
00:08.8,0.009464264
00:08.8,0.00945282
00:08.8,0.00945282
00:08.8,0.009447098
00:08.8,0.009452819999999999
00:08.8,0.009441376
00:08.8,0.009447098000000001
00:08.8,0.009447098
00:08.8,0.009452819999999999
00:08.8,0.009447098
00:08.8,0.009447098
00:08.8,0.009458542
00:08.8,0.009469986
00:08.8,0.00945282
00:08.8,0.009441376
00:08.8,0.009441400999999999
00:08.8,0.009441376
00:08.8,0.00945282
00:08.8,0.009458542
00:08.9,0.009435654
00:08.9,0.009447098
00:08.9,0.009458542
00:08.9,0.00945282
00:08.9,0.009447098
00:08.9,0.009435654
00:08.9,0.009441376
00:08.9,0.009441376
00:08.9,0.009447098000000001
00:08.9,0.009441376
00:08.9,0.009435653999999998
00:08.9,0.00945282
00:08.9,0.009464264
00:08.9,0.00945282
00:08.9,0.009435653999999998
00:08.9,0.009458542
00:08.9,0.00945282
00:08.9,0.009447098000000001
00:08.9,0.009441376000000001
00:08.9,0.009435654
00:08.9,0.009429932
00:08.9,0.009447098
00:08.9,0.009435653999999998
00:08.9,0.009429931999999999
00:08.9,0.009435654
00:09.0,0.009435654
00:09.0,0.009429932
00:09.0,0.009469986
00:09.0,0.009447098000000001
00:09.0,0.009418488
00:09.0,0.009429931999999999
00:09.0,0.009441376
00:09.0,0.00945282
00:09.0,0.009429931999999999
00:09.0,0.009435654
00:09.0,0.009447098000000001
00:09.0,0.009441376
00:00:09,0.009447098000000001
00:09.0,0.009435653999999998
00:09.0,0.009429931999999999
00:09.0,0.009429931999999999
00:09.0,0.009435654
00:09.0,0.009441376000000001
00:09.0,0.009435654
00:09.0,0.009429932
00:09.0,0.009429931999999999
00:09.0,0.009435653999999998
00:09.0,0.009441376
00:09.0,0.009407044
00:09.0,0.009418488
00:09.1,0.009441376
00:09.1,0.00942421
00:09.1,0.009435654
00:09.1,0.009441376
00:09.1,0.00945282
00:09.1,0.009441376
00:09.1,0.009429931999999999
00:09.1,0.009424209999999999
00:09.1,0.009424209999999999
00:09.1,0.00942421
00:09.1,0.00942421
00:09.1,0.009424209999999999
00:09.1,0.009429932
00:09.1,0.009429931999999999
00:09.1,0.009424209999999999
00:09.1,0.009429932
00:09.1,0.00942421
00:09.1,0.009418488
00:09.1,0.009412766
00:09.1,0.009424209999999999
00:09.1,0.009429932
00:09.1,0.009441376
00:09.1,0.009435654
00:09.1,0.009412766
00:09.1,0.009418488000000001
00:09.2,0.00942421
00:09.2,0.009429932
00:09.2,0.009418488000000001
00:09.2,0.0093956
00:09.2,0.009412766
00:09.2,0.009435654
00:09.2,0.00942421
00:09.2,0.00942421
00:09.2,0.009412766
00:09.2,0.009412766
00:09.2,0.009407044
00:09.2,0.009412766
00:09.2,0.009412766
00:09.2,0.009407044
00:09.2,0.009418488
00:09.2,0.009418488
00:09.2,0.009429931999999999
00:09.2,0.009435654
00:09.2,0.009412766
00:09.2,0.009418488000000001
00:09.2,0.009401322
00:09.2,0.009407044
00:09.2,0.009395599999999999
00:09.2,0.009401322
00:09.2,0.009412766
00:09.3,0.009389878
00:09.3,0.009401322
00:09.3,0.009412766
00:09.3,0.009412766
00:09.3,0.00942421
00:09.3,0.009389878
00:09.3,0.009401322
00:09.3,0.009412766
00:09.3,0.009401322
00:09.3,0.009407044
00:09.3,0.0093956
00:09.3,0.009401321999999998
00:09.3,0.009407044
00:09.3,0.009407044
00:09.3,0.009407044
00:09.3,0.0093956
00:09.3,0.009407044
00:09.3,0.0093956
00:09.3,0.009401321999999998
00:09.3,0.009407044
00:09.3,0.009401322
00:09.3,0.009407044
00:09.3,0.009401322
00:09.3,0.009384156000000001
00:09.3,0.009412766
00:09.4,0.009418488
00:09.4,0.009412766
00:09.4,0.009418488
00:09.4,0.009384156
00:09.4,0.009384156
00:09.4,0.009395599999999999
00:09.4,0.009401322
00:09.4,0.009401322
00:09.4,0.009401321999999998
00:09.4,0.009412766
00:09.4,0.009407044
00:09.4,0.009401321999999998
00:09.4,0.0093956
00:09.4,0.009407044
00:09.4,0.009389878
00:09.4,0.009401321999999998
00:09.4,0.009401322
00:09.4,0.0093956
00:09.4,0.009401322
00:09.4,0.009412766
00:09.4,0.009389877999999999
00:09.4,0.0093956
00:09.4,0.009389877999999999
00:09.4,0.0093956
00:09.4,0.009395599999999999
00:09.5,0.009401322
00:09.5,0.009407044
00:09.5,0.009384156
00:09.5,0.0093956
00:09.5,0.009407044
00:09.5,0.0093956
00:09.5,0.009407044
00:09.5,0.009401321999999998
00:09.5,0.009389878
00:09.5,0.009384156
00:09.5,0.009378433999999998
00:09.5,0.009401322
00:09.5,0.009401322
00:09.5,0.0093956
00:09.5,0.0093956
00:09.5,0.009389877999999999
00:09.5,0.009378432999999999
00:09.5,0.009424209999999999
00:09.5,0.009401322
00:09.5,0.009389877999999999
00:09.5,0.0093956
00:09.5,0.009389877999999999
00:09.5,0.009389877999999999
00:09.5,0.009389878
00:09.5,0.009384156000000001
00:09.6,0.009389878
00:09.6,0.009366989
00:09.6,0.009372710999999999
00:09.6,0.009384154999999998
00:09.6,0.009401321999999998
00:09.6,0.009389877999999999
00:09.6,0.009412766
00:09.6,0.009389878
00:09.6,0.009389878
00:09.6,0.0093956
00:09.6,0.009389878
00:09.6,0.009384156
00:09.6,0.009378434
00:09.6,0.009378434
00:09.6,0.009378433999999998
00:09.6,0.009389878
00:09.6,0.0093956
00:09.6,0.0093956
00:09.6,0.009389877999999999
00:09.6,0.009384154999999998
00:09.6,0.009389877999999999
00:09.6,0.009372710999999999
00:09.6,0.009361267000000001
00:09.6,0.009389877999999999
00:09.6,0.009378434
00:09.7,0.009372711999999998
00:09.7,0.009389878
00:09.7,0.009389877999999999
00:09.7,0.009407043999999998
00:09.7,0.009401321999999998
00:09.7,0.009378434
00:09.7,0.009378433999999998
00:09.7,0.009384156
00:09.7,0.009366989000000001
00:09.7,0.009378434
00:09.7,0.009384156
00:09.7,0.009384156
00:09.7,0.009372711
00:09.7,0.009372711
00:09.7,0.009378434
00:09.7,0.009389877999999999
00:09.7,0.009401321999999998
00:09.7,0.009395599999999999
00:09.7,0.009372711
00:09.7,0.009355545000000002
00:09.7,0.009389878
00:09.7,0.009389878
00:09.7,0.009384156
00:09.7,0.009372711999999998
00:09.7,0.009378432999999999
00:09.8,0.009378433
00:09.8,0.009378433
00:09.8,0.009384155
00:09.8,0.009395599999999999
00:09.8,0.009389877999999999
00:09.8,0.009389877999999999
00:09.8,0.009389877999999999
00:09.8,0.009378434
00:09.8,0.009372710999999999
00:09.8,0.009372710999999999
00:09.8,0.009384156
00:09.8,0.009384154999999998
00:09.8,0.009384155
00:09.8,0.009378432999999999
00:09.8,0.009366989
00:09.8,0.009372711999999998
00:09.8,0.009384156
00:09.8,0.009384156000000001
00:09.8,0.009378434
00:09.8,0.009366989000000001
00:09.8,0.009372711
00:09.8,0.009372711
00:09.8,0.009384155
00:09.8,0.009384155
00:09.8,0.009378433
00:09.9,0.009378432999999999
00:09.9,0.009372711999999998
00:09.9,0.009372711999999998
00:09.9,0.009384156
00:09.9,0.009378434
00:09.9,0.009372711
00:09.9,0.009384154999999998
00:09.9,0.009389877999999999
00:09.9,0.009384155
00:09.9,0.009378433
00:09.9,0.009378432999999999
00:09.9,0.009378434
00:09.9,0.009378434
00:09.9,0.009372711999999998
00:09.9,0.009384156
00:09.9,0.009378434
00:09.9,0.009378432999999999
00:09.9,0.009355545000000002
00:09.9,0.009389877999999999
00:09.9,0.009389877999999999
00:09.9,0.009389876999999998
00:09.9,0.009395599999999999
00:09.9,0.009395599999999999
00:09.9,0.009372711999999998
00:09.9,0.009372711999999998
00:10.0,0.009378433999999998
00:10.0,0.009384156
00:10.0,0.009389876999999998
00:10.0,0.009378433
00:10.0,0.009372710999999999
00:10.0,0.009384156000000001
00:10.0,0.009378434
00:10.0,0.009389878
00:10.0,0.009407044
00:10.0,0.009389878
00:10.0,0.009389878
00:10.0,0.0093956
00:00:10,0.009384156
00:10.0,0.009384156
00:10.0,0.009372710999999999
00:10.0,0.009401322
00:10.0,0.009401322
00:10.0,0.009395599999999999
00:10.0,0.009366989000000001
00:10.0,0.009361267
00:10.0,0.009366989
00:10.0,0.009378432999999999
00:10.0,0.009407044
00:10.0,0.009407044
00:10.0,0.009407044
00:10.1,0.009401322
00:10.1,0.009401322
00:10.1,0.009389878
00:10.1,0.0093956
00:10.1,0.0093956
00:10.1,0.009401322
00:10.1,0.009401322
00:10.1,0.0093956
00:10.1,0.0093956
00:10.1,0.0093956
00:10.1,0.009401322
00:10.1,0.009401322
00:10.1,0.009389878
00:10.1,0.009378434
00:10.1,0.009384156
00:10.1,0.009407044
00:10.1,0.009395599999999999
00:10.1,0.009407044
00:10.1,0.009384156
00:10.1,0.009401322
00:10.1,0.009412766
00:10.1,0.009429932
00:10.1,0.009412766
00:10.1,0.009401322
00:10.1,0.009401322
00:10.2,0.009407044
00:10.2,0.009401322
00:10.2,0.009401322
00:10.2,0.009401322
00:10.2,0.009407044
00:10.2,0.009401322
00:10.2,0.0093956
00:10.2,0.009384156
00:10.2,0.009401322
00:10.2,0.009389878
00:10.2,0.009407044
00:10.2,0.009412766
00:10.2,0.009418488
00:10.2,0.009407044
00:10.2,0.009412766
00:10.2,0.009401322
00:10.2,0.009407044
00:10.2,0.009401322
00:10.2,0.009407044
00:10.2,0.009418488000000001
00:10.2,0.00942421
00:10.2,0.009435653999999998
00:10.2,0.009435654
00:10.2,0.009412766
00:10.2,0.009407044
00:10.3,0.009412766
00:10.3,0.009401322
00:10.3,0.009418488
00:10.3,0.009418488000000001
00:10.3,0.0093956
00:10.3,0.009412766
00:10.3,0.009412766
00:10.3,0.009435654
00:10.3,0.009447098
00:10.3,0.009424209999999999
00:10.3,0.009412766
00:10.3,0.009407044
00:10.3,0.009429931999999999
00:10.3,0.009435654
00:10.3,0.009429932
00:10.3,0.00942421
00:10.3,0.00942421
00:10.3,0.00942421
00:10.3,0.009429932
00:10.3,0.009429932
00:10.3,0.009429932
00:10.3,0.009435654
00:10.3,0.00942421
00:10.3,0.009435654
00:10.3,0.009407044
00:10.4,0.009418488
00:10.4,0.009435654
00:10.4,0.009429931999999999
00:10.4,0.00942421
00:10.4,0.009441376
00:10.4,0.009447098
00:10.4,0.00942421
00:10.4,0.00942421
00:10.4,0.009447098
00:10.4,0.009452819999999999
00:10.4,0.009435654
00:10.4,0.009429932
00:10.4,0.009429932
00:10.4,0.009435654
00:10.4,0.009441376
00:10.4,0.009441376
00:10.4,0.009441376
00:10.4,0.009447098
00:10.4,0.009447098
00:10.4,0.009447098
00:10.4,0.009435654
00:10.4,0.00942421
00:10.4,0.009435654
00:10.4,0.009435654
00:10.4,0.009458542
00:10.5,0.009447098
00:10.5,0.009447098000000001
00:10.5,0.009435653999999998
00:10.5,0.009429932
00:10.5,0.00945282
00:10.5,0.009447098
00:10.5,0.009447098
00:10.5,0.009447098
00:10.5,0.009458542
00:10.5,0.009447098
00:10.5,0.009429932
00:10.5,0.009458542
00:10.5,0.009469986
00:10.5,0.009458542
00:10.5,0.009441376
00:10.5,0.009435654
00:10.5,0.009418488000000001
00:10.5,0.00945282
00:10.5,0.009441376
00:10.5,0.00945282
00:10.5,0.009458541999999999
00:10.5,0.009464264
00:10.5,0.009435653999999998
00:10.5,0.009412766
00:10.5,0.009435654
00:10.6,0.00945282
00:10.6,0.009464264
00:10.6,0.009469986
00:10.6,0.009469986
00:10.6,0.009469986
00:10.6,0.009464264
00:10.6,0.009447098
00:10.6,0.009441376000000001
00:10.6,0.009447098
00:10.6,0.009464264
00:10.6,0.009458542
00:10.6,0.009464264
00:10.6,0.009469986
00:10.6,0.009469986
00:10.6,0.009458542
00:10.6,0.00948143
00:10.6,0.009481429999999999
00:10.6,0.009464264
00:10.6,0.009458542
00:10.6,0.009475708
00:10.6,0.009469986
00:10.6,0.009464264
00:10.6,0.009469986
00:10.6,0.009464264
00:10.6,0.009458542
00:10.7,0.009475708
00:10.7,0.009458542
00:10.7,0.009475708
00:10.7,0.009469986
00:10.7,0.009447098000000001
00:10.7,0.009487152
00:10.7,0.009498596
00:10.7,0.009487152
00:10.7,0.009487152
00:10.7,0.009487152
00:10.7,0.009487151999999999
00:10.7,0.00948143
00:10.7,0.009487152
00:10.7,0.00948143
00:10.7,0.009487152
00:10.7,0.009498596
00:10.7,0.009492874
00:10.7,0.00948143
00:10.7,0.009487152
00:10.7,0.009481429999999999
00:10.7,0.009475708
00:10.7,0.009475708
00:10.7,0.009498596
00:10.7,0.009498596
00:10.7,0.009498596
00:10.8,0.009504318
00:10.8,0.009487152
00:10.8,0.009475708
00:10.8,0.009510041
00:10.8,0.009498596
00:10.8,0.009481429999999999
00:10.8,0.009510039999999999
00:10.8,0.009492874
00:10.8,0.009504319
00:10.8,0.009510041
00:10.8,0.009510041
00:10.8,0.009498596
00:10.8,0.009492874
00:10.8,0.009510041
00:10.8,0.009515761999999999
00:10.8,0.009521483999999998
00:10.8,0.009510039999999999
00:10.8,0.009492874
00:10.8,0.009510039999999999
00:10.8,0.009527207
00:10.8,0.009510039999999999
00:10.8,0.009504319
00:10.8,0.009492874
00:10.8,0.009498596
00:10.8,0.009532929
00:10.9,0.009521485000000001
00:10.9,0.009527207000000001
00:10.9,0.009521485
00:10.9,0.009504318
00:10.9,0.009527207000000001
00:10.9,0.009532929
00:10.9,0.009532929
00:10.9,0.009527207000000001
00:10.9,0.009515763
00:10.9,0.009527207000000001
00:10.9,0.009538651
00:10.9,0.009544373000000002
00:10.9,0.009532928999999999
00:10.9,0.009544373
00:10.9,0.009510039999999999
00:10.9,0.009527207
00:10.9,0.009538651
00:10.9,0.009550095
00:10.9,0.009538651
00:10.9,0.009527207000000001
00:10.9,0.009555817
00:10.9,0.009538651
00:10.9,0.009527207000000001
00:10.9,0.009527207000000001
00:10.9,0.009550095
00:11.0,0.009550095
00:11.0,0.009555817000000001
00:11.0,0.009550095000000001
00:11.0,0.009550095
00:11.0,0.009550095
00:11.0,0.009555817000000001
00:11.0,0.009561539
00:11.0,0.009555817000000001
00:11.0,0.009555817000000001
00:11.0,0.009550095
00:11.0,0.009532929
00:11.0,0.009567261
00:00:11,0.009578705
00:11.0,0.009561539
00:11.0,0.009567261
00:11.0,0.009561538999999999
00:11.0,0.009550095
00:11.0,0.009561539
00:11.0,0.009567261
00:11.0,0.009578705
00:11.0,0.009572983
00:11.0,0.009578705000000002
00:11.0,0.009572983000000002
00:11.0,0.009555817000000001
00:11.0,0.009578705000000002
00:11.1,0.009578705
00:11.1,0.009584427
00:11.1,0.009578705
00:11.1,0.009578705
00:11.1,0.009584427
00:11.1,0.009584427
00:11.1,0.009572983
00:11.1,0.009561539
00:11.1,0.009590149000000001
00:11.1,0.009595871
00:11.1,0.009584427000000001
00:11.1,0.009590149000000001
00:11.1,0.009595871
00:11.1,0.009595871
00:11.1,0.009590149000000001
00:11.1,0.009590149000000001
00:11.1,0.009584427
00:11.1,0.009595871
00:11.1,0.009584427000000001
00:11.1,0.009584427000000001
00:11.1,0.009601593
00:11.1,0.009590149000000001
00:11.1,0.009613037000000001
00:11.1,0.009595871000000002
00:11.1,0.009595871
00:11.2,0.009624481
00:11.2,0.009613037000000001
00:11.2,0.009584427
00:11.2,0.009630203
00:11.2,0.009624481
00:11.2,0.009601593
00:11.2,0.009590149000000001
00:11.2,0.009613037000000001
00:11.2,0.009618758999999998
00:11.2,0.009607315000000002
00:11.2,0.009601593
00:11.2,0.009618759000000001
00:11.2,0.009601593
00:11.2,0.009618759000000001
00:11.2,0.009635925
00:11.2,0.009607315
00:11.2,0.009613036999999998
00:11.2,0.009613036999999998
00:11.2,0.009613036999999998
00:11.2,0.009624481
00:11.2,0.009630203
00:11.2,0.009624480999999999
00:11.2,0.009618759000000001
00:11.2,0.009624480999999999
00:11.2,0.009635924999999998
00:11.3,0.009630203
00:11.3,0.009641647
00:11.3,0.009624481
00:11.3,0.009635924999999998
00:11.3,0.009641647000000001
00:11.3,0.009624481
00:11.3,0.009630203
00:11.3,0.009624481
00:11.3,0.009624481
00:11.3,0.009641647000000001
00:11.3,0.009624481
00:11.3,0.009641647
00:11.3,0.009624481
00:11.3,0.009630203
00:11.3,0.009635925
00:11.3,0.009630203
00:11.3,0.009647369000000001
00:11.3,0.009635924999999998
00:11.3,0.009641647000000001
00:11.3,0.009647369
00:11.3,0.009658814
00:11.3,0.009647369999999999
00:11.3,0.009641648
00:11.3,0.009641648
00:11.3,0.009647369999999999
00:11.4,0.009641647
00:11.4,0.009635924999999998
00:11.4,0.009647369
00:11.4,0.009641647
00:11.4,0.009647369
00:11.4,0.009647369
00:11.4,0.009653091999999999
00:11.4,0.009658814
00:11.4,0.009647369
00:11.4,0.009630203
00:11.4,0.009635925
00:11.4,0.009641647000000001
00:11.4,0.009653091999999999
00:11.4,0.009647369999999999
00:11.4,0.009641647000000001
00:11.4,0.009681702
00:11.4,0.00967598
00:11.4,0.009670258
00:11.4,0.009670258
00:11.4,0.009670258000000001
00:11.4,0.009653091999999999
00:11.4,0.009635926
00:11.4,0.009653091999999999
00:11.4,0.00967598
00:11.4,0.009670258
00:11.5,0.009670258
00:11.5,0.009670258000000001
00:11.5,0.009670258
00:11.5,0.009670258
00:11.5,0.009664536
00:11.5,0.009664536
00:11.5,0.009653092
00:11.5,0.009670258000000001
00:11.5,0.009670258
00:11.5,0.009687424
00:11.5,0.009670258
00:11.5,0.009670258000000001
00:11.5,0.009687424
00:11.5,0.009681702
00:11.5,0.009664536
00:11.5,0.009698868
00:11.5,0.009687423999999998
00:11.5,0.00967598
00:11.5,0.009687424
00:11.5,0.009687424
00:11.5,0.009670258
00:11.5,0.009693146
00:11.5,0.009704589999999999
00:11.5,0.009687424
00:11.5,0.009681702
00:11.6,0.009681702
00:11.6,0.009687424
00:11.6,0.009704589999999999
00:11.6,0.009670258
00:11.6,0.009681702
00:11.6,0.009681701999999999
00:11.6,0.009704589999999999
00:11.6,0.009687424
00:11.6,0.009670258000000001
00:11.6,0.009698868
00:11.6,0.009698868
00:11.6,0.009698868
00:11.6,0.009687424
00:11.6,0.009704589999999999
00:11.6,0.009698868
00:11.6,0.009693146
00:11.6,0.009698868
00:11.6,0.009704589999999999
00:11.6,0.009693146
00:11.6,0.009693146
00:11.6,0.009693146
00:11.6,0.009681702
00:11.6,0.009698868
00:11.6,0.009704589999999999
00:11.6,0.009710311999999999
00:11.7,0.009693146
00:11.7,0.009687424
00:11.7,0.009698868
00:11.7,0.009693146
00:11.7,0.009704589999999999
00:11.7,0.009704589999999999
00:11.7,0.009698868
00:11.7,0.009704589999999999
00:11.7,0.009704589999999999
00:11.7,0.009704589999999999
00:11.7,0.009710311999999999
00:11.7,0.009704589999999999
00:11.7,0.009698868
00:11.7,0.009698868
00:11.7,0.009698868
00:11.7,0.009704589999999999
00:11.7,0.009698868
00:11.7,0.009698868
00:11.7,0.009698868
00:11.7,0.009716034
00:11.7,0.009693146
00:11.7,0.009693146
00:11.7,0.009681702
00:11.7,0.009716034
00:11.7,0.009716034
00:11.8,0.009704589999999999
00:11.8,0.009698868
00:11.8,0.009693146
00:11.8,0.009721756
00:11.8,0.009710312
00:11.8,0.009710311999999999
00:11.8,0.009710311999999999
00:11.8,0.009704589999999999
00:11.8,0.009716034
00:11.8,0.009710311999999999
00:11.8,0.009693146
00:11.8,0.009698868
00:11.8,0.009716034
00:11.8,0.009704589999999999
00:11.8,0.009721756
00:11.8,0.009710311999999999
00:11.8,0.009710312
00:11.8,0.009716034
00:11.8,0.009710311999999999
00:11.8,0.009693146
00:11.8,0.009675979999999999
00:11.8,0.009693146
00:11.8,0.0097332
00:11.8,0.009733200000000001
00:11.8,0.009727478
00:11.9,0.009721756
00:11.9,0.009716034
00:11.9,0.009704589999999999
00:11.9,0.009721756
00:11.9,0.009721756
00:11.9,0.009721756
00:11.9,0.009704589999999999
00:11.9,0.009716033999999998
00:11.9,0.009727478
00:11.9,0.009710311999999999
00:11.9,0.009716034
00:11.9,0.009716034
00:11.9,0.009710312
00:11.9,0.009721756
00:11.9,0.009721756
00:11.9,0.009721756
00:11.9,0.009721756
00:11.9,0.009710311999999999
00:11.9,0.009721756
00:11.9,0.009721756
00:11.9,0.009721756
00:11.9,0.009716034
00:11.9,0.009716034
00:11.9,0.009721756
00:11.9,0.009716034
00:12.0,0.009721756
00:12.0,0.009738922
00:12.0,0.009738922
00:12.0,0.009738922
00:12.0,0.009738922
00:12.0,0.009710312
00:12.0,0.009716034
00:12.0,0.009721756
00:12.0,0.0097332
00:12.0,0.009727478
00:12.0,0.009721756
00:12.0,0.009721756
00:00:12,0.009750366
00:12.0,0.009750366
00:12.0,0.009727478
00:12.0,0.009727478
00:12.0,0.0097332
00:12.0,0.0097332
00:12.0,0.009738921999999999
00:12.0,0.0097332
00:12.0,0.0097332
00:12.0,0.009727478
00:12.0,0.009738922
00:12.0,0.009744644
00:12.0,0.009733200000000001
00:12.1,0.009744643999999998
00:12.1,0.009744644
00:12.1,0.009744644
00:12.1,0.009727478
00:12.1,0.009744644
00:12.1,0.009744643999999998
00:12.1,0.0097332
00:12.1,0.009744644
00:12.1,0.009750366
00:12.1,0.009744644
00:12.1,0.0097332
00:12.1,0.0097332
00:12.1,0.009744644
00:12.1,0.009756088
00:12.1,0.009744644
00:12.1,0.009750366
00:12.1,0.009750366
00:12.1,0.009750366
00:12.1,0.009767532
00:12.1,0.009750366
00:12.1,0.009750366
00:12.1,0.009756088000000001
00:12.1,0.009744643999999998
00:12.1,0.009750366
00:12.1,0.009756088000000001
00:12.2,0.009761810000000001
00:12.2,0.009761810000000001
00:12.2,0.009767532
00:12.2,0.009750366
00:12.2,0.009750366
00:12.2,0.009738921999999999
00:12.2,0.009750366
00:12.2,0.009750366
00:12.2,0.009761810000000001
00:12.2,0.009767532
00:12.2,0.009767532
00:12.2,0.009750366
00:12.2,0.009756088
00:12.2,0.009761810000000001
00:12.2,0.009756088
00:12.2,0.009767531999999999
00:12.2,0.009767531999999999
00:12.2,0.009756088
00:12.2,0.009767532
00:12.2,0.009767531999999999
00:12.2,0.009756088000000001
00:12.2,0.009761810000000001
00:12.2,0.009756088
00:12.2,0.009773254
00:12.2,0.009756088
00:12.3,0.009744644
00:12.3,0.009778976
00:12.3,0.009790420000000001
00:12.3,0.009790420000000001
00:12.3,0.009778976
00:12.3,0.009784698
00:12.3,0.00979042
00:12.3,0.009790420000000001
00:12.3,0.00979042
00:12.3,0.009790420000000001
00:12.3,0.009784698000000001
00:12.3,0.009778975999999998
00:12.3,0.009784698
00:12.3,0.009778976
00:12.3,0.009790420000000001
00:12.3,0.009801864
00:12.3,0.009790420000000001
00:12.3,0.009784698000000001
00:12.3,0.009790420000000001
00:12.3,0.009784698000000001
00:12.3,0.009784698000000001
00:12.3,0.009801864
00:12.3,0.009801864
00:12.3,0.009813308
00:12.3,0.00979042
00:12.4,0.009796142
00:12.4,0.009819031
00:12.4,0.009813309000000001
00:12.4,0.009807586
00:12.4,0.009807586
00:12.4,0.009813308
00:12.4,0.009819031
00:12.4,0.009807586
00:12.4,0.009796142
00:12.4,0.009807586
00:12.4,0.009830475
00:12.4,0.009824753
00:12.4,0.009824751999999999
00:12.4,0.009824753
00:12.4,0.009830475
00:12.4,0.009819031
00:12.4,0.009830475
00:12.4,0.009830475
00:12.4,0.009813308
00:12.4,0.009813308
00:12.4,0.009830475
00:12.4,0.009836197000000001
00:12.4,0.009824753
00:12.4,0.009824751999999999
00:12.4,0.009841919
00:12.5,0.009847641
00:12.5,0.009841919000000001
00:12.5,0.009836197000000001
00:12.5,0.009841919
00:12.5,0.009847641
00:12.5,0.009836197
00:12.5,0.009836197000000001
00:12.5,0.009813309000000001
00:12.5,0.009847641
00:12.5,0.00987053
00:12.5,0.009847640999999999
00:12.5,0.009830475
00:12.5,0.009836197
00:12.5,0.009859085
00:12.5,0.009841919000000001
00:12.5,0.009830475
00:12.5,0.009853363
00:12.5,0.009853363
00:12.5,0.009864807000000001
00:12.5,0.009853363
00:12.5,0.009847641
00:12.5,0.009853363
00:12.5,0.009864807
00:12.5,0.009870528999999998
00:12.5,0.009870529000000001
00:12.6,0.009853363
00:12.6,0.009864807
00:12.6,0.009870529000000001
00:12.6,0.009876250999999999
00:12.6,0.009859085
00:12.6,0.009836197000000001
00:12.6,0.009881973
00:12.6,0.009881974
00:12.6,0.009870529000000001
00:12.6,0.009881973
00:12.6,0.009876251
00:12.6,0.009876251
00:12.6,0.009881973000000002
00:12.6,0.009881973000000002
00:12.6,0.009864807
00:12.6,0.00987053
00:12.6,0.009893418000000001
00:12.6,0.009910584
00:12.6,0.009899139000000001
00:12.6,0.009887695000000002
00:12.6,0.009893417000000002
00:12.6,0.009887695
00:12.6,0.009870529000000001
00:12.6,0.009881974000000002
00:12.6,0.009876252
00:12.7,0.009893417000000002
00:12.7,0.009893417000000002
00:12.7,0.009899139000000001
00:12.7,0.009910583999999998
00:12.7,0.009899139000000001
00:12.7,0.009887695
00:12.7,0.009893416999999998
00:12.7,0.009904862
00:12.7,0.009899139000000001
00:12.7,0.009899139000000001
00:12.7,0.009910583000000002
00:12.7,0.009904861
00:12.7,0.009899138999999998
00:12.7,0.009904861
00:12.7,0.00989914
00:12.7,0.009899139000000001
00:12.7,0.009910583999999998
00:12.7,0.009910583999999998
00:12.7,0.009916305000000002
00:12.7,0.009910583000000002
00:12.7,0.009904861
00:12.7,0.009893417
00:12.7,0.009899138999999998
00:12.7,0.009916305
00:12.7,0.009904861
00:12.8,0.009916306000000001
00:12.8,0.00992775
00:12.8,0.009922028000000001
00:12.8,0.009910583000000002
00:12.8,0.009910583000000002
00:12.8,0.009904861
00:12.8,0.009922027000000002
00:12.8,0.009933472
00:12.8,0.009904862
00:12.8,0.00992775
00:12.8,0.009910582999999999
00:12.8,0.009922027000000002
00:12.8,0.009927749000000001
00:12.8,0.009933471999999999
00:12.8,0.009939194
00:12.8,0.009922027000000002
00:12.8,0.009922027000000002
00:12.8,0.009933472
00:12.8,0.009916305000000002
00:12.8,0.009922027000000002
00:12.8,0.009933471
00:12.8,0.009927749
00:12.8,0.009922027000000002
00:12.8,0.009916305000000002
00:12.8,0.009922028000000001
00:12.9,0.009933472
00:12.9,0.009922028000000001
00:12.9,0.00992775
00:12.9,0.009939194
00:12.9,0.00992775
00:12.9,0.009916305000000002
00:12.9,0.009916306000000001
00:12.9,0.00992775
00:12.9,0.009950638000000001
00:12.9,0.009939193999999998
00:12.9,0.009933471999999999
00:12.9,0.009933471
00:12.9,0.009933472
00:12.9,0.009950637999999998
00:12.9,0.009933472
00:12.9,0.009939193999999998
00:12.9,0.009944915999999998
00:12.9,0.009939193999999998
00:12.9,0.009939193999999998
00:12.9,0.00992775
00:12.9,0.009933471999999999
00:12.9,0.009950638000000001
00:12.9,0.009939193999999998
00:12.9,0.009933472
00:12.9,0.009933472
00:13.0,0.009939194
00:13.0,0.009944915999999998
00:13.0,0.009939193999999998
00:13.0,0.00992775
00:13.0,0.009950638000000001
00:13.0,0.009950638000000001
00:13.0,0.009933471999999999
00:13.0,0.009933471999999999
00:13.0,0.009939193999999998
00:13.0,0.009944916000000002
00:13.0,0.009933471999999999
00:13.0,0.009939194000000002
00:00:13,0.009939193999999998
00:13.0,0.009939194000000002
00:13.0,0.009939194
00:13.0,0.009939193999999998
00:13.0,0.00992775
00:13.0,0.009933471999999999
00:13.0,0.00992775
00:13.0,0.009944915999999998
00:13.0,0.009956360000000001
00:13.0,0.009956360000000001
00:13.0,0.009962082
00:13.0,0.009950637999999998
00:13.0,0.009944915999999998
00:13.1,0.009944916000000002
00:13.1,0.009933472
00:13.1,0.009950638000000001
00:13.1,0.009944915999999998
00:13.1,0.009944915999999998
00:13.1,0.009944915999999998
00:13.1,0.009933472
00:13.1,0.00992775
00:13.1,0.009944915999999998
00:13.1,0.009944915999999998
00:13.1,0.009962082
00:13.1,0.009944915999999998
00:13.1,0.009939193999999998
00:13.1,0.009939193999999998
00:13.1,0.009962081999999999
00:13.1,0.009962081999999999
00:13.1,0.009950638000000001
00:13.1,0.009939193999999998
00:13.1,0.009950638000000001
00:13.1,0.009944915999999998
00:13.1,0.009956360000000001
00:13.1,0.009967804
00:13.1,0.009962082
00:13.1,0.009962082
00:13.1,0.009956360000000001
00:13.2,0.009939194
00:13.2,0.009950638000000001
00:13.2,0.009962081999999999
00:13.2,0.009962082
00:13.2,0.009962081999999999
00:13.2,0.009956360000000001
00:13.2,0.009956360000000001
00:13.2,0.009956359999999997
00:13.2,0.00995636
00:13.2,0.009939194000000002
00:13.2,0.009950638000000001
00:13.2,0.009950638000000001
00:13.2,0.009962082
00:13.2,0.009962082
00:13.2,0.009956360000000001
00:13.2,0.009973526
00:13.2,0.009967804000000002
00:13.2,0.00995636
00:13.2,0.009944916000000002
00:13.2,0.009962081999999999
00:13.2,0.009944916000000002
00:13.2,0.009962081999999999
00:13.2,0.009962082
00:13.2,0.009967804
00:13.2,0.009962082
00:13.3,0.009962081999999999
00:13.3,0.009962081999999999
00:13.3,0.009967804
00:13.3,0.009967804000000002
00:13.3,0.009956360000000001
00:13.3,0.009950637999999998
00:13.3,0.00995636
00:13.3,0.009962082
00:13.3,0.009962082
00:13.3,0.009962082
00:13.3,0.009962082
00:13.3,0.009956359999999997
00:13.3,0.009967804000000002
00:13.3,0.009973526
00:13.3,0.009950638
00:13.3,0.00998497
00:13.3,0.009973526000000002
00:13.3,0.009962081999999999
00:13.3,0.009979248
00:13.3,0.009967804000000002
00:13.3,0.009956359999999997
00:13.3,0.009973526
00:13.3,0.009979248
00:13.3,0.009979248
00:13.3,0.009973526000000002
00:13.4,0.009979248000000001
00:13.4,0.009962082
00:13.4,0.009950637999999998
00:13.4,0.009967804
00:13.4,0.009962082
00:13.4,0.009973526
00:13.4,0.009962082
00:13.4,0.009956359999999997
00:13.4,0.009956360000000001
00:13.4,0.009979248
00:13.4,0.009962081999999999
00:13.4,0.00995636
00:13.4,0.009967804
00:13.4,0.009973526
00:13.4,0.009979248
00:13.4,0.009973526
00:13.4,0.009967804000000002
00:13.4,0.009967804
00:13.4,0.009973526
00:13.4,0.009962081999999999
00:13.4,0.009962081999999999
00:13.4,0.009979248
00:13.4,0.009979248
00:13.4,0.009973526
00:13.4,0.009967804
00:13.5,0.009962082000000002
00:13.5,0.009967804
00:13.5,0.009956360000000001
00:13.5,0.009967804000000002
00:13.5,0.009967804000000002
00:13.5,0.009962081999999999
00:13.5,0.009962081999999999
00:13.5,0.009967804000000002
00:13.5,0.009956360000000001
00:13.5,0.009967804000000002
00:13.5,0.009979248
00:13.5,0.009979248000000001
00:13.5,0.00998497
00:13.5,0.009962082
00:13.5,0.009967804000000002
00:13.5,0.009967804000000002
00:13.5,0.009956359999999997
00:13.5,0.009973526000000002
00:13.5,0.009967803999999999
00:13.5,0.009956360000000001
00:13.5,0.009973525999999998
00:13.5,0.009967804
00:13.5,0.009973526000000002
00:13.5,0.009979248000000001
00:13.5,0.009962082
00:13.6,0.009973526000000002
00:13.6,0.009956359999999997
00:13.6,0.009950637999999998
00:13.6,0.00995636
00:13.6,0.009967804000000002
00:13.6,0.009962081999999999
00:13.6,0.009973526000000002
00:13.6,0.009979248000000001
00:13.6,0.009967804000000002
00:13.6,0.009967803999999999
00:13.6,0.00995636
00:13.6,0.009962081999999999
00:13.6,0.009967803999999999
00:13.6,0.009979248000000001
00:13.6,0.009962081999999999
00:13.6,0.009962081999999999
00:13.6,0.00998497
00:13.6,0.009979248000000001
00:13.6,0.009973526000000002
00:13.6,0.009973526000000002
00:13.6,0.009973526000000002
00:13.6,0.009973526000000002
00:13.6,0.009973525999999998
00:13.6,0.009962082
00:13.6,0.00995636
00:13.7,0.00998497
00:13.7,0.009979248000000001
00:13.7,0.009979248000000001
00:13.7,0.00995636
00:13.7,0.009979248000000001
00:13.7,0.009979248000000001
00:13.7,0.00998497
00:13.7,0.009984970000000001
00:13.7,0.009990692000000002
00:13.7,0.009967803999999999
00:13.7,0.009979248000000001
00:13.7,0.009984970000000001
00:13.7,0.009973525999999998
00:13.7,0.009979248000000001
00:13.7,0.009984970000000001
00:13.7,0.009979248000000001
00:13.7,0.009967803999999999
00:13.7,0.009973526000000002
00:13.7,0.009979247999999998
00:13.7,0.009984970000000001
00:13.7,0.009984970000000001
00:13.7,0.009979248000000001
00:13.7,0.009973525999999998
00:13.7,0.009984970000000001
00:13.7,0.009984970000000001
00:13.8,0.009979247999999998
00:13.8,0.009979248000000001
00:13.8,0.009984970000000001
00:13.8,0.010002135999999998
00:13.8,0.009990692
00:13.8,0.009973525999999998
00:13.8,0.009973525999999998
00:13.8,0.009996414000000002
00:13.8,0.009973525999999998
00:13.8,0.009973525999999998
00:13.8,0.009979248
00:13.8,0.009990691999999999
00:13.8,0.009990692000000002
00:13.8,0.00998497
00:13.8,0.00998497
00:13.8,0.009973525999999998
00:13.8,0.009973526000000002
00:13.8,0.009962082
00:13.8,0.009967804
00:13.8,0.009962082
00:13.8,0.009967804
00:13.8,0.009979247999999998
00:13.8,0.009984970000000001
00:13.8,0.009979248000000001
00:13.8,0.009984970000000001
00:13.9,0.009984970000000001
00:13.9,0.009990692000000002
00:13.9,0.00998497
00:13.9,0.009979248000000001
00:13.9,0.009956360000000001
00:13.9,0.009967803999999999
00:13.9,0.009967804
00:13.9,0.009979248
00:13.9,0.009979248000000001
00:13.9,0.009984970000000001
00:13.9,0.009984970000000001
00:13.9,0.00998497
00:13.9,0.009967803999999999
00:13.9,0.009956360000000001
00:13.9,0.009973526000000002
00:13.9,0.009990691999999999
00:13.9,0.009979248000000001
00:13.9,0.009973526
00:13.9,0.009973526000000002
00:13.9,0.009962082
00:13.9,0.009973526
00:13.9,0.009990691999999999
00:13.9,0.009967804000000002
00:13.9,0.009950638000000001
00:13.9,0.009979248000000001
00:14.0,0.009984970000000001
00:14.0,0.009990691999999999
00:14.0,0.009979248000000001
00:14.0,0.009979248000000001
00:14.0,0.009962081999999999
00:14.0,0.009979248000000001
00:14.0,0.009984970000000001
00:14.0,0.009967803999999999
00:14.0,0.009967803999999999
00:14.0,0.009979248000000001
00:14.0,0.009973525999999998
00:14.0,0.009967804000000002
00:00:14,0.009962081999999999
00:14.0,0.009979248000000001
00:14.0,0.009939194000000002
00:14.0,0.009870528999999998
00:14.0,0.009784744000000001
00:14.0,0.009727443999999998
00:14.0,0.00972748
00:14.0,0.009498595999999998
00:14.0,0.009550094999999998
00:14.0,0.009698833999999998
00:14.0,0.009876252
00:14.0,0.010139466
00:14.0,0.010219574
00:14.1,0.010173797
00:14.1,0.010110855000000002
00:14.1,0.010082245000000002
00:14.1,0.010076523
00:14.1,0.010059355999999998
00:14.1,0.010036468
00:14.1,0.010019301999999999
00:14.1,0.009979248
00:14.1,0.010007858000000001
00:14.1,0.010019302
00:14.1,0.010013580000000001
00:14.1,0.010007858000000001
00:14.1,0.009962082
00:14.1,0.009893417000000002
00:14.1,0.009933472
00:14.1,0.010002136
00:14.1,0.010036469000000001
00:14.1,0.009996414000000002
00:14.1,0.009973526000000002
00:14.1,0.009956360000000001
00:14.1,0.009950638000000001
00:14.1,0.009996414
00:14.1,0.009996414
00:14.1,0.009979248000000001
00:14.1,0.009984970000000001
00:14.2,0.009962082
00:14.2,0.009967803999999999
00:14.2,0.009984970000000001
00:14.2,0.009956360000000001
00:14.2,0.009916305999999998
00:14.2,0.009922028
00:14.2,0.009922028000000001
00:14.2,0.009899139999999997
00:14.2,0.009944915999999998
00:14.2,0.009984970000000001
00:14.2,0.009984969999999998
00:14.2,0.009967804
00:14.2,0.009984970000000001
00:14.2,0.009990692
00:14.2,0.009962081
00:14.2,0.009990692000000002
00:14.2,0.009973526000000002
00:14.2,0.009944916
00:14.2,0.009967804
00:14.2,0.009973526000000002
00:14.2,0.009979247999999998
00:14.2,0.009979248
00:14.2,0.009973526
00:14.2,0.009973526
00:14.2,0.009973526
00:14.3,0.009973526
00:14.3,0.009967804
00:14.3,0.009962082
00:14.3,0.009956360000000001
00:14.3,0.009950638000000001
00:14.3,0.009956360000000001
00:14.3,0.009967804
00:14.3,0.009956360000000001
00:14.3,0.009956360000000001
00:14.3,0.009944915
00:14.3,0.009944916
00:14.3,0.009956360000000001
00:14.3,0.009950638000000001
00:14.3,0.009922028
00:14.3,0.00989914
00:14.3,0.009916306000000001
00:14.3,0.009859085
00:14.3,0.009824753000000002
00:14.3,0.009864807000000001
00:14.3,0.009956360000000001
00:14.3,0.009996414
00:14.3,0.009967804
00:14.3,0.009973526
00:14.3,0.010007859000000001
00:14.3,0.010019301999999999
00:14.4,0.009979248
00:14.4,0.009973526
00:14.4,0.00998497
00:14.4,0.009967803
00:14.4,0.009967804
00:14.4,0.009956360000000001
00:14.4,0.009962082
00:14.4,0.009944916
00:14.4,0.009944916
00:14.4,0.009939194
00:14.4,0.009950638
00:14.4,0.009933472
00:14.4,0.009893417
00:14.4,0.009922027
00:14.4,0.009944914999999999
00:14.4,0.009950638000000001
00:14.4,0.009950638000000001
00:14.4,0.00992775
00:14.4,0.009899139
00:14.4,0.009933471
00:14.4,0.009973526
00:14.4,0.009967802999999999
00:14.4,0.009973525
00:14.4,0.009956360000000001
00:14.4,0.009881974000000002
00:14.5,0.009836197
00:14.5,0.00989914
00:14.5,0.010002137000000001
00:14.5,0.009990692
00:14.5,0.009962081
00:14.5,0.009967804
00:14.5,0.009939194
00:14.5,0.009927749
00:14.5,0.009956359
00:14.5,0.00998497
00:14.5,0.009956359
00:14.5,0.009876250999999999
00:14.5,0.009847641
00:14.5,0.009922028000000001
00:14.5,0.010002136
00:14.5,0.009956359
00:14.5,0.009819031
00:14.5,0.009778976
00:14.5,0.009967804
00:14.5,0.010047912
00:14.5,0.010053634
00:14.5,0.009944915
00:14.5,0.009899139
00:14.5,0.009944914999999999
00:14.5,0.009990692
00:14.6,0.009990692
00:14.6,0.009973525
00:14.6,0.009973526
00:14.6,0.009984970000000001
00:14.6,0.009984969
00:14.6,0.009967803
00:14.6,0.009956359
00:14.6,0.009973525
00:14.6,0.009967803
00:14.6,0.009950636999999998
00:14.6,0.009944914999999999
00:14.6,0.009939192999999999
00:14.6,0.009933471
00:14.6,0.009950636999999998
00:14.6,0.009944915
00:14.6,0.009910583
00:14.6,0.009904861
00:14.6,0.009933471
00:14.6,0.009950637
00:14.6,0.009956360000000001
00:14.6,0.009950637
00:14.6,0.009950637
00:14.6,0.009944915
00:14.6,0.009939192999999999
00:14.6,0.009881973
00:14.7,0.009876251
00:14.7,0.009910583
00:14.7,0.009944916
00:14.7,0.009962082
00:14.7,0.009950637
00:14.7,0.009944915
00:14.7,0.009922027
00:14.7,0.009939193
00:14.7,0.009944915
00:14.7,0.009933471
00:14.7,0.009933471
00:14.7,0.009939193
00:14.7,0.009910583
00:14.7,0.009910583
00:14.7,0.009904861000000001
00:14.7,0.009864807
00:14.7,0.009864807
00:14.7,0.009876250999999999
00:14.7,0.009904861
00:14.7,0.009887694999999998
00:14.7,0.009870529
00:14.7,0.009933471000000001
00:14.7,0.009933472
00:14.7,0.00995636
00:14.7,0.009962081999999999
00:14.8,0.009962081999999999
00:14.8,0.009939194
00:14.8,0.00992775
00:14.8,0.009939194
00:14.8,0.009922028000000001
00:14.8,0.00992775
00:14.8,0.009910584
00:14.8,0.009910583
00:14.8,0.009916305
00:14.8,0.009916305
00:14.8,0.009899139
00:14.8,0.009899139
00:14.8,0.009904861999999999
00:14.8,0.009922028000000001
00:14.8,0.009910584
00:14.8,0.009899139
00:14.8,0.009893417
00:14.8,0.009887694999999998
00:14.8,0.009910584
00:14.8,0.009904861999999999
00:14.8,0.009881974
00:14.8,0.009899139000000001
00:14.8,0.009899139999999999
00:14.8,0.009893417
00:14.8,0.009887695
00:14.9,0.009881972999999999
00:14.9,0.009899139999999999
00:14.9,0.009904861999999999
00:14.9,0.009881974
00:14.9,0.009876252
00:14.9,0.009887696
00:14.9,0.009910583999999998
00:14.9,0.009887694999999998
00:14.9,0.009824752999999999
00:14.9,0.009824753
00:14.9,0.009864807
00:14.9,0.009893418
00:14.9,0.009893418
00:14.9,0.009899139999999999
00:14.9,0.009899139999999999
00:14.9,0.009904862
00:14.9,0.009893416999999998
00:14.9,0.009881972999999999
00:14.9,0.009893418
00:14.9,0.009893418
00:14.9,0.009887696
00:14.9,0.009870529999999999
00:14.9,0.009870529999999999
00:14.9,0.009887694999999998
00:14.9,0.009864807
00:15.0,0.009836197
00:15.0,0.009864807
00:15.0,0.009864807
00:15.0,0.009853362999999999
00:15.0,0.009876250999999999
00:15.0,0.009853362999999999
00:15.0,0.009864808
00:15.0,0.009887696
00:15.0,0.009887696
00:15.0,0.009864807
00:15.0,0.009841919
00:15.0,0.009819031
00:00:15,0.009813309
